clientId,clientName,clientType,rate,location,industry,holding,scale,maturity,loan,deposits,pension,credit,mortage,report,asset,investment,plan,consulting
C001,C001 Name,C,AAAA,HK,MKT,19330466,L,M08,1,0,0,1,0,1,1,0,0,1
C002,C002 Name,F,BBB,RU,IAT,4039007,XXL,M08,1,0,0,0,0,0,1,1,0,0
C003,C003 Name,H,BB,RU,MKT,16741430,XS,M02,0,0,0,0,1,0,1,0,1,1
C004,C004 Name,C,BB,HK,LPG,164600,XL,M07,0,0,1,0,1,0,1,0,1,1
C005,C005 Name,I,B,IR,IAT,17148297,S,M02,1,1,0,1,1,0,1,1,0,0
C006,C006 Name,C,AA,SD,IAT,14643838,XS,M10,1,0,1,0,1,0,0,1,0,0
C007,C007 Name,A,C,IR,SEV,9013518,XL,M07,0,0,0,1,0,0,1,1,0,1
C008,C008 Name,G,AAAA,EU,TTT,7817321,L,M07,1,0,0,1,0,0,1,0,0,1
C009,C009 Name,B,BB,CN,MKT,3237477,L,M09,0,0,1,0,1,0,1,0,0,1
C010,C010 Name,C,AAAA,AP,IAT,10959736,M,M03,0,0,1,1,1,1,1,0,0,0
C011,C011 Name,F,AA,TT,SEV,487160,L,M09,0,0,1,0,0,0,1,1,1,1
C012,C012 Name,H,BB,RU,SEV,10921622,L,M09,1,0,1,1,1,0,1,1,0,0
C013,C013 Name,C,A,CN,MKT,3241531,XXL,M01,1,1,0,1,1,0,1,0,0,0
C014,C014 Name,B,AAA,RU,SEV,12514548,L,M04,0,1,0,1,1,1,0,1,0,1
C015,C015 Name,I,AAAA,CN,MKT,13177496,S,M10,0,1,1,1,0,0,1,0,1,1
C016,C016 Name,G,BBBB,RU,IAT,10668860,XXL,M07,0,0,0,0,1,0,1,1,1,0
C017,C017 Name,H,B,IR,SEV,7237777,XS,M02,1,1,0,1,0,1,1,1,0,1
C018,C018 Name,C,C,IR,ENG,5014492,M,M07,1,0,1,1,1,0,1,1,0,0
C019,C019 Name,I,AAAA,SD,MKT,11452763,XL,M08,1,0,1,0,1,0,1,1,0,1
C020,C020 Name,H,AAA,HK,IAT,13792955,L,M09,0,0,0,1,0,0,0,1,1,0
C021,C021 Name,B,AAAA,RU,IAT,9445117,M,M07,0,0,1,1,0,0,0,1,0,0
C022,C022 Name,D,AAAA,EU,LPG,5868076,XL,M04,0,1,0,1,0,1,0,0,1,1
C023,C023 Name,H,A,EU,TTT,18838063,XL,M02,0,1,0,0,1,0,0,1,0,0
C024,C024 Name,I,BB,TT,LPG,18541996,XS,M09,0,1,0,1,1,0,0,0,0,0
C025,C025 Name,C,BBB,TT,IAT,1433361,XL,M09,0,1,1,0,1,0,0,1,1,1
C026,C026 Name,D,A,HK,ENG,13349535,XL,M04,0,1,1,1,0,1,1,0,1,1
C027,C027 Name,D,C,HK,LPG,14835906,XXL,M07,1,0,0,1,0,1,0,0,0,0
C028,C028 Name,C,AAA,HK,ENG,8371252,S,M08,1,1,1,1,0,0,0,1,1,0
C029,C029 Name,D,A,TT,SEV,13456825,M,M02,1,1,1,1,0,1,0,1,1,0
C030,C030 Name,G,C,SD,MKT,14589597,L,M08,0,0,1,1,1,1,1,0,0,1
C031,C031 Name,A,BBBB,IR,ENG,15599375,XXL,M06,1,0,1,0,1,0,1,0,0,1
C032,C032 Name,C,BBB,AP,LPG,11138397,XL,M06,0,1,0,1,0,0,1,1,1,1
C033,C033 Name,B,AAA,EU,LPG,12644271,S,M05,0,1,1,0,0,0,0,1,0,1
C034,C034 Name,F,BB,RU,IAT,7131351,S,M02,1,0,0,1,1,1,1,1,0,1
C035,C035 Name,D,C,SD,IAT,5868009,XL,M10,0,0,1,1,1,0,0,1,0,0
C036,C036 Name,J,B,IR,TTT,9799081,M,M09,0,1,0,1,1,1,0,0,1,0
C037,C037 Name,I,C,TT,LPG,11778675,XL,M06,0,0,1,0,0,0,0,0,0,1
C038,C038 Name,J,BBB,RU,TTT,3376111,M,M03,1,0,1,1,0,1,1,0,0,0
C039,C039 Name,G,BBB,TT,MKT,7060274,XL,M08,1,1,1,1,0,0,0,0,0,1
C040,C040 Name,G,C,RU,LPG,3120972,L,M10,0,1,0,0,1,1,0,0,0,0
C041,C041 Name,I,AAA,US,LPG,9671249,XL,M03,1,0,0,1,0,1,0,0,0,1
C042,C042 Name,F,AA,CN,TTT,16514892,S,M08,1,0,1,0,1,0,1,0,0,0
C043,C043 Name,J,BBB,RU,MKT,7773567,S,M10,1,0,0,1,1,0,0,1,1,1
C044,C044 Name,I,C,TT,IAT,1130144,XL,M07,1,1,0,0,0,1,0,1,0,1
C045,C045 Name,G,BBBB,RU,TTT,7331654,L,M02,0,0,1,1,0,0,1,0,0,1
C046,C046 Name,F,AAA,EU,LPG,18871990,S,M05,0,0,1,0,1,0,1,0,0,0
C047,C047 Name,B,AA,US,MKT,17123519,S,M07,0,1,1,0,1,0,0,0,1,1
C048,C048 Name,I,B,IR,MKT,12802336,L,M01,1,1,0,1,1,1,1,1,1,1
C049,C049 Name,E,BBB,AP,SEV,10500283,M,M06,1,1,1,0,0,1,1,1,1,1
C050,C050 Name,F,C,CN,SEV,15259627,M,M07,0,0,0,1,1,0,1,1,0,1
C051,C051 Name,F,BB,US,SEV,2745227,XL,M06,0,1,1,0,0,1,0,1,0,1
C052,C052 Name,G,A,CN,ENG,14389706,L,M04,0,1,1,1,0,0,1,1,1,0
C053,C053 Name,G,AA,AP,ENG,18600892,L,M09,1,1,1,0,0,0,0,1,0,1
C054,C054 Name,A,AA,TT,ENG,14178328,L,M01,0,1,0,1,0,0,0,0,1,0
C055,C055 Name,H,BB,US,ENG,2738189,XXL,M05,0,0,1,1,0,1,0,0,0,0
C056,C056 Name,D,A,EU,MKT,6838317,S,M05,0,0,1,1,0,0,1,1,1,0
C057,C057 Name,G,A,TT,TTT,19884577,XS,M09,1,1,0,0,0,0,1,1,0,1
C058,C058 Name,G,AAA,TT,LPG,4986389,XL,M08,0,1,1,1,0,0,1,0,0,0
C059,C059 Name,E,A,SD,ENG,6456554,M,M07,1,1,1,0,1,0,1,0,1,1
C060,C060 Name,C,A,HK,TTT,2762100,XXL,M02,0,0,1,0,0,1,0,1,1,0
C061,C061 Name,F,BBB,EU,IAT,6566420,M,M10,1,1,1,0,1,1,1,0,1,0
C062,C062 Name,B,B,SD,TTT,1531813,S,M07,0,0,0,1,0,0,1,1,1,1
C063,C063 Name,C,AAA,RU,ENG,5493266,L,M08,1,0,0,0,1,1,1,1,1,0
C064,C064 Name,F,BB,CN,LPG,11571508,L,M01,0,1,1,1,0,0,0,1,1,0
C065,C065 Name,F,AAA,EU,SEV,17713955,XXL,M08,1,0,1,0,0,0,0,0,0,0
C066,C066 Name,A,A,HK,ENG,10608671,L,M08,0,1,0,0,1,1,1,0,1,0
C067,C067 Name,D,BBB,HK,SEV,938576,S,M02,0,1,1,1,1,0,0,1,1,0
C068,C068 Name,J,BBBB,HK,TTT,8231156,XL,M07,0,0,1,0,1,0,1,0,1,1
C069,C069 Name,F,A,IR,LPG,15391475,XXL,M07,0,1,1,0,1,1,1,1,0,1
C070,C070 Name,A,BBBB,RU,SEV,19492889,XL,M10,0,1,0,1,0,1,0,1,0,0
C071,C071 Name,F,AAA,TT,TTT,8057950,S,M02,1,0,1,1,0,0,0,1,0,0
C072,C072 Name,H,B,TT,MKT,1396646,M,M04,0,1,1,0,0,1,1,1,0,1
C073,C073 Name,D,AA,US,LPG,15989012,XXL,M05,0,0,1,1,1,0,0,0,1,0
C074,C074 Name,E,AAAA,AP,LPG,12598593,S,M04,1,0,1,0,0,0,1,1,0,0
C075,C075 Name,J,BBB,EU,IAT,5782904,XS,M10,1,0,1,0,1,0,1,0,0,0
C076,C076 Name,A,AAA,RU,SEV,12628108,XS,M03,0,1,1,1,0,0,1,0,1,1
C077,C077 Name,B,AAAA,EU,TTT,249538,L,M08,0,1,1,0,1,0,1,0,0,1
C078,C078 Name,E,BB,US,IAT,14218124,L,M03,0,0,0,0,0,0,1,0,0,1
C079,C079 Name,C,BB,TT,MKT,5031948,XS,M09,1,1,0,0,0,0,1,0,1,0
C080,C080 Name,G,AAAA,RU,LPG,6762255,XXL,M10,0,0,0,1,1,0,0,0,1,0
C081,C081 Name,D,BBB,IR,SEV,14026529,S,M07,1,0,1,0,0,1,0,0,0,0
C082,C082 Name,E,C,RU,SEV,18668487,S,M01,1,0,1,0,1,1,1,1,1,1
C083,C083 Name,J,B,CN,SEV,14857058,XL,M01,0,0,1,0,0,1,1,0,1,0
C084,C084 Name,D,AA,TT,SEV,14122645,XL,M03,0,1,1,1,0,0,1,1,1,1
C085,C085 Name,A,C,IR,MKT,3776166,L,M04,0,0,1,1,1,0,1,0,1,1
C086,C086 Name,I,AAAA,SD,ENG,8449986,S,M10,0,0,0,0,0,0,0,1,0,0
C087,C087 Name,B,A,US,SEV,2554508,XL,M02,0,0,1,0,0,1,1,1,0,1
C088,C088 Name,H,BBBB,CN,SEV,6297000,XS,M03,0,1,1,1,1,0,0,1,0,0
C089,C089 Name,A,AA,CN,TTT,18858395,XXL,M09,1,0,1,0,0,1,0,1,0,0
C090,C090 Name,F,AA,RU,ENG,13045818,XL,M09,1,0,0,1,0,1,0,0,0,0
C091,C091 Name,H,AAAA,AP,TTT,13535037,M,M09,0,0,1,0,1,1,1,1,0,1
C092,C092 Name,E,A,EU,TTT,7439385,XS,M08,0,1,1,1,0,1,1,0,1,0
C093,C093 Name,I,BBB,HK,ENG,2218505,M,M03,1,0,1,1,1,0,0,1,1,0
C094,C094 Name,D,AAAA,EU,TTT,18132973,L,M01,1,0,0,1,0,0,0,1,1,0
C095,C095 Name,D,BBB,US,IAT,6603151,L,M07,0,0,1,1,0,1,0,0,0,0
C096,C096 Name,C,B,TT,SEV,1910188,XS,M06,0,0,0,1,0,1,0,0,1,0
C097,C097 Name,J,C,EU,TTT,6351200,XL,M04,1,1,1,0,0,0,1,1,1,1
C098,C098 Name,G,B,TT,ENG,17420435,XXL,M01,1,0,0,0,0,1,1,0,1,0
C099,C099 Name,H,BB,CN,LPG,8984290,XS,M08,0,1,1,1,0,1,1,1,1,1
C100,C100 Name,D,B,IR,IAT,19498137,XXL,M06,1,0,0,1,0,1,1,1,0,1
C101,C101 Name,G,B,CN,IAT,10195227,L,M04,0,1,0,1,0,1,0,0,0,0
C102,C102 Name,C,BBBB,US,TTT,6249851,XXL,M08,0,0,1,1,0,0,1,0,0,1
C103,C103 Name,I,BBBB,SD,ENG,3327177,XL,M07,0,0,1,1,1,1,0,0,0,1
C104,C104 Name,J,AAA,HK,SEV,5612325,S,M07,1,0,1,0,1,1,0,0,1,1
C105,C105 Name,G,C,AP,LPG,12643568,M,M02,0,0,0,0,0,0,0,1,0,0
C106,C106 Name,J,C,SD,SEV,14896280,S,M04,1,1,1,1,0,1,0,0,0,0
C107,C107 Name,G,C,AP,ENG,8360223,L,M05,1,1,0,0,1,1,0,0,0,1
C108,C108 Name,A,A,EU,IAT,11319277,M,M02,0,1,0,1,1,0,1,1,0,0
C109,C109 Name,B,BBB,HK,MKT,7359163,L,M08,1,0,1,1,0,0,0,1,1,0
C110,C110 Name,B,AAA,US,SEV,16285254,XL,M03,0,1,1,1,0,0,0,0,1,0
C111,C111 Name,H,AAAA,SD,ENG,14829993,S,M01,1,0,1,1,0,0,1,0,1,0
C112,C112 Name,J,B,US,TTT,13769546,XL,M02,1,1,1,0,1,1,1,1,0,0
C113,C113 Name,C,BBB,RU,TTT,16853494,XXL,M06,0,1,1,0,1,0,0,0,0,1
C114,C114 Name,G,BB,RU,ENG,3323351,M,M09,0,1,0,1,0,0,0,1,1,0
C115,C115 Name,C,AAAA,CN,TTT,10414037,XS,M06,0,0,1,0,1,1,1,0,1,1
C116,C116 Name,J,BBB,US,MKT,19891891,L,M03,1,1,1,0,1,0,1,0,1,0
C117,C117 Name,E,B,AP,ENG,6481160,S,M03,0,0,1,1,0,0,1,1,1,0
C118,C118 Name,C,AAAA,SD,ENG,4203075,M,M01,0,1,1,0,1,1,0,0,1,0
C119,C119 Name,I,AAA,RU,TTT,6830066,S,M06,1,0,0,0,1,0,0,0,0,1
C120,C120 Name,C,AA,US,LPG,11929759,M,M08,1,1,1,0,1,0,0,1,1,1
C121,C121 Name,E,BB,HK,MKT,1476992,XS,M03,1,0,0,1,1,1,1,1,0,1
C122,C122 Name,D,BBB,US,MKT,15853606,S,M10,1,0,1,1,0,1,1,1,1,1
C123,C123 Name,J,B,RU,TTT,18836551,XS,M01,1,0,0,0,1,0,1,0,0,0
C124,C124 Name,J,AA,RU,SEV,19303559,XL,M06,0,1,1,0,1,1,1,0,0,1
C125,C125 Name,H,AA,SD,LPG,8064722,S,M10,1,1,0,1,1,0,0,0,0,0
C126,C126 Name,G,BBB,HK,LPG,18991527,XL,M09,0,1,0,1,1,1,0,0,1,0
C127,C127 Name,F,A,AP,MKT,4848270,S,M10,0,0,0,0,0,0,1,0,1,1
C128,C128 Name,A,BBB,EU,LPG,2620915,M,M07,1,1,0,0,1,0,1,0,0,1
C129,C129 Name,B,BB,CN,ENG,1628452,XL,M09,1,1,1,0,0,0,0,1,1,0
C130,C130 Name,D,BBBB,EU,MKT,1578843,XS,M05,0,0,0,1,0,1,1,1,0,0
C131,C131 Name,F,AA,EU,ENG,1326286,L,M10,0,1,1,0,1,0,1,1,1,0
C132,C132 Name,H,B,TT,SEV,4524325,XL,M08,0,1,1,1,0,0,0,1,0,0
C133,C133 Name,F,B,RU,TTT,7375706,XXL,M10,0,0,0,1,1,0,0,0,0,0
C134,C134 Name,H,BB,HK,ENG,972188,XXL,M03,1,1,1,1,0,1,0,1,1,0
C135,C135 Name,B,AAA,CN,SEV,11330065,L,M03,0,0,1,1,1,1,1,0,1,0
C136,C136 Name,D,AAAA,AP,ENG,19770322,M,M10,1,1,0,1,1,1,1,0,1,0
C137,C137 Name,E,C,HK,TTT,19831661,S,M04,0,1,0,0,1,1,1,0,0,0
C138,C138 Name,F,AA,IR,MKT,19635009,XS,M01,1,1,1,1,1,0,1,0,0,1
C139,C139 Name,D,AAAA,SD,LPG,377574,XXL,M05,1,1,0,0,0,0,1,0,0,1
C140,C140 Name,H,BBBB,SD,LPG,965131,XXL,M02,1,0,1,0,0,0,1,1,0,1
C141,C141 Name,G,AAA,AP,SEV,9064053,M,M06,1,0,1,0,1,1,0,0,1,0
C142,C142 Name,H,A,US,ENG,2194892,M,M08,1,0,1,1,0,0,1,0,0,1
C143,C143 Name,F,C,HK,IAT,15809527,M,M06,0,0,1,1,1,1,1,1,0,1
C144,C144 Name,I,BB,EU,TTT,572406,XS,M08,1,1,1,0,1,1,0,0,1,1
C145,C145 Name,A,AAA,RU,MKT,19886346,L,M03,0,0,1,0,1,0,0,0,0,1
C146,C146 Name,D,BBBB,HK,MKT,9905884,XS,M03,0,0,0,1,0,0,0,1,0,0
C147,C147 Name,J,AAAA,US,TTT,15324082,L,M04,0,0,1,0,0,0,1,1,0,0
C148,C148 Name,A,A,TT,SEV,5973636,L,M09,1,0,0,0,0,0,1,1,0,0
C149,C149 Name,C,AAAA,EU,MKT,11926991,L,M02,0,0,1,0,1,0,0,0,1,1
C150,C150 Name,B,C,EU,ENG,7918341,M,M02,0,1,1,0,1,0,0,0,0,1
C151,C151 Name,C,BBB,IR,SEV,17076906,XXL,M01,0,1,0,0,0,0,0,0,0,1
C152,C152 Name,G,A,AP,TTT,192912,S,M07,0,0,0,0,1,0,0,1,1,0
C153,C153 Name,C,A,HK,MKT,6519050,XS,M01,0,0,1,1,0,0,1,1,0,0
C154,C154 Name,C,BBB,HK,SEV,16949852,XXL,M09,1,1,0,0,1,0,1,1,0,0
C155,C155 Name,I,A,EU,TTT,6439705,XS,M05,0,0,1,0,1,0,0,1,0,0
C156,C156 Name,J,AA,EU,MKT,6584585,L,M01,1,0,0,1,1,1,0,0,1,1
C157,C157 Name,D,AA,RU,IAT,11095645,S,M05,1,1,0,0,0,0,1,1,0,0
C158,C158 Name,H,AA,CN,IAT,6934993,XL,M09,0,1,0,0,1,0,1,0,0,0
C159,C159 Name,G,AAAA,CN,IAT,10701996,L,M04,1,0,1,1,0,0,0,0,1,0
C160,C160 Name,A,BB,EU,IAT,14468864,XL,M01,0,0,1,0,1,0,0,1,0,1
C161,C161 Name,D,AA,SD,SEV,4621751,M,M01,1,0,0,0,0,0,0,1,0,1
C162,C162 Name,E,AA,US,ENG,11772777,XXL,M01,0,0,1,0,0,0,1,0,0,1
C163,C163 Name,F,BBB,US,SEV,18774668,XXL,M01,0,1,1,0,1,0,0,0,1,1
C164,C164 Name,J,BBB,IR,LPG,5684229,S,M01,1,1,0,1,1,1,0,0,0,0
C165,C165 Name,E,C,HK,LPG,9214483,XL,M08,0,1,1,0,0,0,0,0,1,1
C166,C166 Name,G,AAAA,TT,TTT,12954001,L,M09,1,1,0,0,0,0,0,0,1,0
C167,C167 Name,E,BB,EU,TTT,11852255,XL,M07,1,0,0,0,1,1,0,1,1,0
C168,C168 Name,G,BBB,TT,TTT,15375224,S,M06,0,0,0,0,0,0,1,1,1,1
C169,C169 Name,F,B,TT,ENG,2601208,XL,M06,0,0,0,0,0,0,1,0,0,1
C170,C170 Name,D,A,EU,TTT,1500152,XL,M07,0,0,1,1,1,1,0,1,0,1
C171,C171 Name,J,BBBB,HK,ENG,11379068,M,M02,1,0,0,0,1,0,0,0,0,0
C172,C172 Name,G,BBBB,TT,IAT,19610097,XXL,M10,1,0,0,0,0,0,1,0,1,1
C173,C173 Name,B,BBBB,TT,IAT,441044,XXL,M08,1,0,1,1,0,1,0,1,1,0
C174,C174 Name,H,BBB,US,IAT,3606030,XXL,M02,1,1,0,0,0,0,1,1,0,1
C175,C175 Name,F,AAAA,SD,IAT,17840776,S,M10,0,0,0,0,0,1,1,1,1,0
C176,C176 Name,F,BB,IR,IAT,2429432,XXL,M08,0,0,0,0,1,1,0,1,0,1
C177,C177 Name,I,BBBB,AP,ENG,8566921,XL,M04,0,1,0,0,0,0,1,1,0,1
C178,C178 Name,F,B,AP,ENG,15754978,L,M03,1,1,1,1,0,0,0,1,0,1
C179,C179 Name,F,B,CN,IAT,14602257,XXL,M09,0,0,0,0,0,1,1,0,1,0
C180,C180 Name,I,B,US,LPG,12520267,XS,M07,1,1,1,0,1,1,1,1,1,1
C181,C181 Name,C,AAA,EU,TTT,2736225,M,M03,1,1,0,0,0,1,0,0,0,0
C182,C182 Name,H,AAAA,RU,LPG,13853790,S,M01,0,1,1,1,0,0,1,1,0,0
C183,C183 Name,J,AAA,IR,MKT,5122543,L,M06,1,0,1,1,1,1,1,0,1,1
C184,C184 Name,G,C,AP,LPG,9444619,XL,M01,0,1,1,0,0,0,0,1,1,0
C185,C185 Name,D,A,AP,TTT,17987612,S,M04,1,1,1,1,1,1,0,0,1,1
C186,C186 Name,E,BB,HK,TTT,2331585,L,M08,1,1,0,1,0,1,0,1,1,1
C187,C187 Name,F,AA,US,IAT,17242474,XXL,M05,0,1,1,1,0,0,0,0,0,0
C188,C188 Name,B,B,IR,ENG,19972645,XL,M03,0,1,0,0,0,1,0,0,1,0
C189,C189 Name,I,AA,SD,LPG,4933357,M,M10,1,1,1,0,0,1,0,1,0,1
C190,C190 Name,B,BB,CN,SEV,16076628,S,M03,0,1,0,1,0,0,0,1,1,1
C191,C191 Name,H,BB,RU,MKT,13334884,XXL,M03,1,1,1,0,0,1,1,0,0,0
C192,C192 Name,A,AAAA,IR,TTT,15604930,XXL,M09,0,1,1,0,1,1,0,1,1,0
C193,C193 Name,C,AAAA,AP,SEV,6467809,XS,M04,0,1,0,0,1,1,0,0,0,1
C194,C194 Name,D,BBBB,EU,MKT,7664691,S,M03,0,0,1,1,0,1,1,1,0,1
C195,C195 Name,F,BB,SD,IAT,978028,XXL,M07,1,0,0,1,1,1,0,1,1,0
C196,C196 Name,D,AAA,RU,IAT,15062929,XL,M04,0,1,0,1,1,1,0,1,0,0
C197,C197 Name,I,AAA,HK,MKT,7610577,XXL,M05,0,0,1,0,0,0,1,1,0,0
C198,C198 Name,I,AAAA,EU,MKT,301129,L,M04,1,0,1,0,0,1,1,1,1,1
C199,C199 Name,E,A,AP,ENG,19654633,L,M03,0,0,1,1,1,0,1,1,0,0
C200,C200 Name,I,C,US,MKT,7675687,S,M04,0,1,0,0,0,0,0,1,0,1
C201,C201 Name,F,AAA,EU,ENG,10241442,L,M06,0,0,0,1,1,0,0,0,1,1
C202,C202 Name,J,BB,IR,MKT,10041705,XL,M06,1,0,0,1,0,0,1,1,1,0
C203,C203 Name,A,AAAA,RU,ENG,11150526,S,M05,0,1,1,0,0,1,0,1,1,0
C204,C204 Name,I,BBBB,SD,TTT,8011987,S,M01,0,1,1,0,0,1,0,1,0,1
C205,C205 Name,E,AA,IR,LPG,174027,XS,M04,1,0,0,0,1,0,0,0,1,1
C206,C206 Name,C,B,IR,SEV,17321554,S,M01,0,1,0,1,1,1,1,1,1,0
C207,C207 Name,C,BBB,RU,SEV,10888277,L,M09,1,0,1,0,1,0,1,0,0,1
C208,C208 Name,D,AAAA,SD,IAT,19214266,XL,M02,0,1,0,0,0,1,0,1,1,1
C209,C209 Name,G,BB,US,SEV,18858656,XS,M04,1,0,1,0,1,1,1,0,0,1
C210,C210 Name,D,A,HK,TTT,19127315,XXL,M05,1,1,0,1,0,0,1,0,0,1
C211,C211 Name,J,A,AP,ENG,18141434,XS,M07,0,0,1,0,0,1,0,1,0,1
C212,C212 Name,D,AA,CN,LPG,431356,XXL,M07,1,1,1,1,0,0,0,0,1,0
C213,C213 Name,G,BB,SD,LPG,7911643,S,M01,0,1,0,0,0,0,0,1,1,0
C214,C214 Name,D,BB,US,TTT,15764225,M,M06,0,0,0,0,1,1,1,0,0,1
C215,C215 Name,B,C,RU,IAT,18014849,M,M01,1,0,1,1,0,1,1,1,0,1
C216,C216 Name,F,BBB,CN,LPG,16236240,XXL,M02,1,0,0,0,0,1,0,0,1,1
C217,C217 Name,G,AAA,AP,ENG,6327988,XL,M07,0,1,1,0,0,0,1,1,1,0
C218,C218 Name,B,AAAA,RU,LPG,15998263,XXL,M10,1,0,0,1,1,1,0,1,0,1
C219,C219 Name,A,AA,HK,SEV,3726915,S,M01,1,0,1,1,1,0,0,1,1,1
C220,C220 Name,G,AA,EU,ENG,15119346,S,M03,1,1,1,1,0,0,0,0,1,0
C221,C221 Name,B,BBB,EU,MKT,11259706,L,M05,1,1,0,0,1,1,0,1,1,1
C222,C222 Name,D,B,CN,TTT,3462349,XS,M02,1,1,0,0,1,0,0,0,0,0
C223,C223 Name,H,BB,AP,ENG,3566069,L,M05,1,1,1,1,1,1,0,1,0,0
C224,C224 Name,I,B,EU,TTT,9259540,XL,M01,1,0,1,1,1,0,1,0,0,1
C225,C225 Name,B,A,HK,ENG,3591073,XXL,M04,0,0,0,0,0,1,1,0,1,1
C226,C226 Name,I,AA,CN,SEV,17399531,S,M07,0,1,1,1,1,1,1,0,0,0
C227,C227 Name,B,AAA,CN,LPG,1939536,XXL,M10,1,0,1,0,0,1,1,0,0,1
C228,C228 Name,F,BBB,TT,IAT,9638723,M,M07,1,0,0,1,1,1,0,0,0,1
C229,C229 Name,A,C,CN,LPG,4339940,XS,M03,1,0,0,0,1,0,1,0,1,1
C230,C230 Name,I,BBB,EU,TTT,7440725,L,M09,0,0,0,0,0,1,1,1,0,1
C231,C231 Name,F,A,CN,MKT,17724621,M,M06,0,0,0,1,0,0,1,0,0,1
C232,C232 Name,J,B,RU,TTT,7319743,L,M04,1,1,1,1,1,1,0,0,1,0
C233,C233 Name,E,B,IR,SEV,794115,XXL,M03,0,0,0,1,0,0,0,0,1,1
C234,C234 Name,C,BBBB,SD,MKT,6805109,XL,M10,1,0,1,1,0,1,1,1,1,0
C235,C235 Name,B,C,US,ENG,14758126,S,M04,0,0,0,1,0,0,0,1,1,0
C236,C236 Name,H,AAAA,IR,SEV,8536736,XXL,M05,0,1,1,0,1,0,1,0,0,0
C237,C237 Name,F,BBBB,CN,MKT,3608548,M,M03,0,0,1,1,0,1,1,0,0,1
C238,C238 Name,A,A,US,MKT,4723267,M,M02,1,0,0,1,0,1,0,0,0,1
C239,C239 Name,E,BBB,IR,IAT,2020173,S,M01,0,0,1,0,0,1,0,0,0,0
C240,C240 Name,G,BB,RU,MKT,2302276,M,M02,1,0,1,0,0,1,1,1,0,1
C241,C241 Name,I,B,TT,SEV,17853662,XL,M02,0,1,0,0,0,0,1,1,1,0
C242,C242 Name,C,BB,US,LPG,8409923,S,M10,1,1,0,1,0,1,0,0,1,1
C243,C243 Name,F,BBB,IR,TTT,15339319,XXL,M10,0,1,0,0,1,0,1,0,1,1
C244,C244 Name,A,AAA,US,TTT,18778619,L,M10,1,1,0,1,1,0,1,1,0,0
C245,C245 Name,D,BBB,US,SEV,15311183,M,M05,1,1,1,1,1,0,1,0,1,1
C246,C246 Name,A,BB,US,ENG,9532531,XS,M07,0,1,1,1,1,0,0,1,1,1
C247,C247 Name,A,A,SD,LPG,15270301,S,M10,0,0,1,1,1,1,1,0,0,0
C248,C248 Name,F,BBB,AP,IAT,17804098,XL,M05,1,1,0,0,0,1,1,0,1,1
C249,C249 Name,G,AAA,EU,SEV,18099655,XXL,M05,0,0,1,1,0,1,1,1,1,0
C250,C250 Name,C,BBBB,HK,IAT,4750063,L,M08,0,0,0,1,0,0,0,1,0,1
C251,C251 Name,A,BB,CN,SEV,15915818,XL,M02,0,0,1,1,1,0,1,1,0,0
C252,C252 Name,J,AA,US,TTT,14136330,L,M06,0,0,1,0,1,0,0,0,1,0
C253,C253 Name,B,BBBB,IR,IAT,945621,XXL,M02,0,0,1,1,0,0,1,1,1,1
C254,C254 Name,A,BBB,CN,SEV,2915604,XXL,M05,1,0,1,1,0,1,0,0,0,0
C255,C255 Name,D,BB,EU,TTT,11128148,S,M07,1,1,1,1,0,0,0,0,1,0
C256,C256 Name,E,A,TT,SEV,9333573,XXL,M04,0,1,0,1,0,0,1,0,0,0
C257,C257 Name,C,BB,CN,SEV,8966262,XS,M09,1,0,0,1,1,0,0,1,1,0
C258,C258 Name,H,AAA,HK,ENG,5126901,S,M03,0,1,0,0,0,0,1,1,0,0
C259,C259 Name,F,C,TT,IAT,8959186,M,M08,0,0,1,1,0,1,0,1,0,1
C260,C260 Name,G,AAAA,SD,MKT,13525453,M,M06,1,1,1,1,1,1,0,1,1,1
C261,C261 Name,F,BB,AP,LPG,4995558,M,M04,0,0,1,1,0,0,0,0,0,0
C262,C262 Name,A,BB,RU,IAT,10124587,M,M08,1,1,1,0,1,1,0,1,0,1
C263,C263 Name,C,AAA,IR,MKT,19986812,XXL,M04,1,0,0,1,0,1,0,1,0,0
C264,C264 Name,D,AAAA,IR,LPG,14373095,L,M09,1,0,0,0,1,1,1,0,0,0
C265,C265 Name,C,C,AP,LPG,17242583,XL,M05,0,0,0,1,1,1,0,1,0,1
C266,C266 Name,J,A,RU,TTT,1731490,XXL,M03,0,0,1,0,0,0,1,1,0,1
C267,C267 Name,H,A,CN,MKT,18748541,L,M08,0,0,1,0,0,0,0,1,0,0
C268,C268 Name,E,BBBB,TT,IAT,7102663,XXL,M03,1,1,1,1,0,0,0,0,0,0
C269,C269 Name,H,AAAA,EU,SEV,16992277,XS,M04,1,0,1,0,0,0,0,0,0,0
C270,C270 Name,E,A,RU,TTT,13545359,S,M07,1,1,0,0,1,0,1,0,1,1
C271,C271 Name,B,AA,US,LPG,1179202,XS,M10,0,0,1,0,0,1,1,0,1,1
C272,C272 Name,A,BBB,HK,MKT,3327348,XXL,M05,1,1,0,0,0,0,0,0,1,1
C273,C273 Name,I,B,RU,ENG,12670879,S,M07,1,0,1,1,1,1,0,1,1,1
C274,C274 Name,E,BB,TT,SEV,19547885,XL,M02,1,1,1,1,1,0,1,0,1,0
C275,C275 Name,G,BBBB,CN,TTT,15004565,XS,M04,1,0,1,0,1,0,0,1,1,0
C276,C276 Name,G,AAA,HK,SEV,9601395,L,M09,1,1,1,1,1,1,0,1,1,0
C277,C277 Name,C,AAAA,TT,TTT,19805505,XXL,M07,1,1,0,1,1,1,0,0,1,0
C278,C278 Name,G,C,EU,ENG,10744759,L,M08,0,1,1,0,1,1,0,1,1,0
C279,C279 Name,A,BBBB,RU,TTT,19946221,XXL,M09,0,1,1,1,1,1,1,0,1,0
C280,C280 Name,H,AAAA,IR,MKT,16154030,S,M06,1,0,0,0,0,1,0,1,1,1
C281,C281 Name,I,AAAA,CN,SEV,3936209,XS,M06,1,0,1,1,0,0,0,0,0,1
C282,C282 Name,A,BBB,EU,SEV,16108622,S,M10,0,0,1,0,1,0,1,0,0,1
C283,C283 Name,D,BBBB,CN,TTT,719357,S,M07,1,0,0,1,0,0,1,1,1,1
C284,C284 Name,F,BB,US,TTT,18765481,XS,M01,0,0,1,0,0,1,1,0,1,0
C285,C285 Name,A,BB,IR,IAT,17055994,XS,M10,0,1,0,0,1,1,1,1,0,0
C286,C286 Name,B,AA,HK,SEV,14583703,XXL,M06,0,0,0,1,0,1,1,0,1,1
C287,C287 Name,I,B,US,SEV,4637756,S,M06,1,0,0,1,0,0,0,0,0,0
C288,C288 Name,J,C,AP,LPG,6336378,S,M04,0,1,0,0,0,1,0,0,1,1
C289,C289 Name,E,AAA,SD,MKT,12419283,L,M04,0,0,0,0,1,1,0,1,1,0
C290,C290 Name,C,C,US,TTT,8631730,XL,M07,1,1,0,1,0,1,0,0,0,1
C291,C291 Name,G,AAAA,HK,SEV,19540319,L,M01,0,0,1,0,0,1,0,0,0,0
C292,C292 Name,F,BBB,TT,SEV,5323320,XS,M06,0,0,0,0,0,0,0,0,1,1
C293,C293 Name,F,C,US,ENG,19886217,XXL,M07,1,1,0,1,0,1,1,0,0,1
C294,C294 Name,J,AAA,EU,IAT,6079973,S,M07,1,1,1,0,0,1,1,0,0,0
C295,C295 Name,E,BBBB,SD,TTT,17520142,L,M07,0,0,0,0,1,0,1,0,1,0
C296,C296 Name,A,B,SD,ENG,3427470,S,M06,1,1,1,0,1,1,1,0,0,1
C297,C297 Name,H,A,RU,MKT,10191542,XL,M04,0,1,1,1,0,0,1,1,0,0
C298,C298 Name,G,BBBB,US,IAT,8048128,XS,M06,0,1,0,1,1,1,1,1,0,1
C299,C299 Name,E,C,US,MKT,11896977,S,M08,1,1,0,1,0,1,0,1,0,0
C300,C300 Name,A,BBB,SD,LPG,14806886,XXL,M05,0,0,1,0,1,1,1,1,1,1
C301,C301 Name,C,BB,RU,SEV,17685325,XXL,M07,0,1,0,0,1,1,0,1,0,1
C302,C302 Name,D,BBB,AP,MKT,8946934,L,M02,0,0,1,0,0,0,0,0,1,1
C303,C303 Name,C,A,TT,ENG,4753466,XL,M05,1,0,0,1,0,1,0,1,0,1
C304,C304 Name,H,B,AP,IAT,8815616,S,M04,0,1,0,0,0,0,0,0,0,1
C305,C305 Name,I,A,IR,SEV,13388122,XXL,M02,0,1,0,0,1,0,1,1,1,0
C306,C306 Name,C,C,US,IAT,14997200,M,M05,1,0,1,1,1,1,1,0,0,1
C307,C307 Name,C,BB,TT,LPG,129909,M,M07,1,0,1,0,0,0,1,1,0,0
C308,C308 Name,D,AAAA,EU,SEV,8408057,XS,M07,0,1,1,1,1,0,1,0,0,1
C309,C309 Name,I,AAAA,EU,SEV,7936610,XXL,M10,1,0,0,0,0,1,0,0,0,0
C310,C310 Name,G,AAAA,SD,LPG,3443917,S,M08,1,1,1,1,1,1,1,0,0,1
C311,C311 Name,E,AA,TT,SEV,10878792,XS,M10,1,1,1,0,1,0,1,1,0,1
C312,C312 Name,C,BBB,SD,SEV,12648079,XS,M05,1,0,0,1,0,1,0,1,1,0
C313,C313 Name,D,C,IR,ENG,320057,XL,M08,0,1,1,1,0,1,1,1,0,0
C314,C314 Name,A,BBB,CN,SEV,8809134,XXL,M02,0,1,0,0,0,0,1,1,1,1
C315,C315 Name,D,C,AP,IAT,3090624,XL,M03,0,0,1,1,0,1,1,1,1,1
C316,C316 Name,G,AA,EU,ENG,16003214,XL,M01,0,1,0,1,0,0,1,1,0,0
C317,C317 Name,A,B,RU,ENG,18264580,XXL,M04,1,1,0,1,0,0,1,0,0,0
C318,C318 Name,G,AAAA,AP,MKT,4344835,L,M03,0,0,1,0,1,1,0,1,1,1
C319,C319 Name,G,BB,EU,LPG,7109936,S,M01,1,0,1,1,0,1,0,0,0,0
C320,C320 Name,D,AAAA,EU,LPG,12130718,XL,M07,1,1,1,0,1,0,0,1,1,1
C321,C321 Name,J,BBB,SD,SEV,15493144,S,M09,0,0,0,1,0,0,1,1,0,1
C322,C322 Name,I,BBBB,IR,ENG,2049911,XXL,M04,0,0,1,0,1,1,0,0,1,0
C323,C323 Name,H,B,IR,TTT,2266312,XXL,M10,0,0,0,1,0,0,0,0,0,0
C324,C324 Name,A,BB,RU,ENG,11156937,M,M01,0,1,1,1,0,0,0,0,1,1
C325,C325 Name,G,B,RU,LPG,131993,S,M08,0,0,0,0,1,1,1,0,0,0
C326,C326 Name,J,AAA,CN,IAT,17534113,XS,M09,0,0,1,0,1,1,0,1,0,1
C327,C327 Name,E,BBB,EU,SEV,740618,S,M07,0,1,0,0,0,1,1,1,0,1
C328,C328 Name,A,BB,RU,MKT,14177819,XL,M04,1,1,1,1,1,0,1,0,0,0
C329,C329 Name,B,AAA,EU,ENG,10136783,L,M05,1,0,0,1,1,1,0,1,0,0
C330,C330 Name,E,BBB,RU,ENG,10191800,S,M06,0,1,0,1,1,0,0,1,0,0
C331,C331 Name,I,C,TT,SEV,4161255,XXL,M09,0,1,1,0,1,0,1,1,0,1
C332,C332 Name,G,AAA,SD,LPG,1400719,L,M05,0,1,0,0,1,1,1,1,1,1
C333,C333 Name,H,BBBB,RU,SEV,19579735,S,M08,1,1,0,1,1,0,1,1,1,1
C334,C334 Name,I,BB,HK,SEV,2161169,XS,M04,0,0,0,0,0,1,0,0,0,1
C335,C335 Name,B,AA,TT,LPG,15796876,XL,M10,0,0,0,1,0,0,0,1,1,1
C336,C336 Name,I,C,SD,MKT,14430121,XL,M07,1,1,0,1,0,1,1,1,1,1
C337,C337 Name,H,AA,IR,ENG,337110,XL,M01,0,0,1,1,1,0,1,0,1,0
C338,C338 Name,G,C,EU,MKT,14111906,S,M03,0,0,0,1,0,1,1,0,0,1
C339,C339 Name,J,BBBB,HK,ENG,582001,XXL,M10,1,0,0,1,0,1,0,1,0,0
C340,C340 Name,I,C,SD,TTT,6637620,M,M02,1,0,1,0,1,0,0,1,1,0
C341,C341 Name,E,A,SD,IAT,9096405,S,M04,1,0,0,1,0,0,0,1,0,1
C342,C342 Name,J,BBB,US,TTT,12803649,S,M07,1,1,1,0,1,0,1,0,1,0
C343,C343 Name,D,B,CN,LPG,19606663,XL,M04,0,0,0,0,1,1,1,1,0,0
C344,C344 Name,I,B,US,ENG,15861190,XL,M06,1,0,1,0,1,0,0,1,0,1
C345,C345 Name,H,C,CN,SEV,13248395,L,M07,1,0,1,0,0,0,1,0,1,0
C346,C346 Name,E,AAA,HK,SEV,13822970,L,M02,1,0,1,0,1,1,0,0,0,0
C347,C347 Name,A,C,CN,SEV,16183579,XXL,M05,0,1,1,0,0,0,1,0,1,0
C348,C348 Name,D,AAA,CN,SEV,8068494,XXL,M02,0,1,0,1,1,1,0,1,0,1
C349,C349 Name,E,A,IR,ENG,12628693,XS,M03,1,1,1,1,0,0,1,0,0,0
C350,C350 Name,A,B,IR,SEV,4190677,S,M10,1,0,1,1,0,1,1,0,1,1
C351,C351 Name,C,AAAA,SD,SEV,2377812,XL,M07,1,0,0,0,1,0,0,0,0,1
C352,C352 Name,C,AA,AP,SEV,18287241,XXL,M07,0,0,0,1,1,1,0,0,1,1
C353,C353 Name,D,BBBB,EU,ENG,18352591,XS,M06,1,1,0,1,0,0,1,1,0,1
C354,C354 Name,D,BBBB,US,SEV,18371972,XS,M05,0,1,0,1,1,1,1,0,1,0
C355,C355 Name,F,B,RU,MKT,1492871,S,M09,0,0,0,1,1,0,1,1,0,1
C356,C356 Name,C,AA,EU,LPG,12659124,L,M10,1,0,1,1,0,0,0,0,0,1
C357,C357 Name,G,BB,AP,SEV,4896757,XXL,M04,0,1,0,1,0,1,0,0,1,1
C358,C358 Name,J,BBBB,CN,ENG,15867400,XL,M07,1,0,1,1,1,1,1,1,0,0
C359,C359 Name,D,BB,TT,IAT,18069774,XS,M09,0,1,1,0,1,1,0,1,0,0
C360,C360 Name,C,BBB,HK,IAT,7804615,XS,M10,1,1,0,0,0,1,1,0,1,1
C361,C361 Name,G,BB,TT,MKT,10903205,XS,M06,1,0,0,1,1,0,1,1,1,0
C362,C362 Name,J,AAA,AP,TTT,16414384,XXL,M06,1,1,0,0,1,0,1,1,1,1
C363,C363 Name,G,AAA,US,SEV,12119790,XS,M08,1,0,1,1,0,0,0,0,0,1
C364,C364 Name,J,BBBB,IR,LPG,15130921,M,M07,0,0,1,1,0,1,1,0,1,1
C365,C365 Name,J,C,TT,TTT,5999855,S,M07,0,0,1,1,1,0,1,1,1,0
C366,C366 Name,A,BB,US,ENG,7972328,L,M08,1,0,1,1,1,0,1,1,1,1
C367,C367 Name,D,BBB,RU,TTT,1969694,XL,M08,1,1,0,0,1,1,0,1,1,1
C368,C368 Name,E,A,AP,ENG,16764885,XXL,M05,0,0,0,0,1,0,1,1,0,0
C369,C369 Name,J,C,IR,IAT,5620401,XS,M03,0,0,1,0,0,0,0,0,0,1
C370,C370 Name,D,B,CN,SEV,16083372,L,M04,1,0,0,0,1,0,1,0,1,0
C371,C371 Name,C,C,EU,TTT,636211,XS,M06,0,0,0,0,0,1,1,0,0,0
C372,C372 Name,D,B,CN,MKT,18764727,XXL,M05,0,1,0,1,0,0,1,0,0,1
C373,C373 Name,I,A,CN,MKT,2127405,XS,M05,1,0,0,0,0,1,0,0,1,1
C374,C374 Name,B,C,US,MKT,14710365,S,M01,1,1,0,1,1,0,0,1,0,1
C375,C375 Name,F,B,IR,MKT,13248551,XS,M10,1,0,1,1,1,1,0,0,1,1
C376,C376 Name,A,AAA,SD,SEV,8976992,XL,M03,1,1,1,1,0,1,1,1,0,1
C377,C377 Name,G,BBB,US,MKT,2641405,XXL,M03,1,0,1,1,0,1,1,0,1,1
C378,C378 Name,C,BB,CN,MKT,9283486,S,M08,0,0,1,1,0,1,1,1,0,1
C379,C379 Name,E,B,RU,SEV,4907115,M,M01,0,1,0,0,1,0,0,0,1,0
C380,C380 Name,J,BB,SD,IAT,13114553,M,M04,1,0,1,1,1,1,0,0,0,0
C381,C381 Name,C,A,CN,LPG,19963063,XS,M06,1,0,1,1,0,1,1,0,1,0
C382,C382 Name,I,B,TT,TTT,17715319,L,M03,0,0,0,0,1,1,0,0,1,0
C383,C383 Name,F,B,HK,IAT,7115713,XS,M05,0,1,1,0,0,0,1,0,0,0
C384,C384 Name,I,BBB,IR,MKT,13551097,XL,M09,0,1,1,1,0,0,1,0,0,0
C385,C385 Name,J,C,TT,LPG,446914,S,M07,1,0,1,0,0,1,1,0,0,0
C386,C386 Name,G,A,HK,LPG,6253696,M,M03,0,1,0,1,0,0,0,0,0,0
C387,C387 Name,B,B,IR,SEV,9324380,M,M02,1,0,1,0,0,1,1,1,1,1
C388,C388 Name,H,BBBB,EU,MKT,14594698,S,M07,1,1,1,1,1,1,1,0,1,0
C389,C389 Name,D,BB,RU,ENG,5497062,XL,M02,0,1,1,0,1,1,1,1,1,0
C390,C390 Name,E,AA,IR,IAT,5301462,XL,M05,1,0,1,1,0,1,0,1,0,1
C391,C391 Name,G,BBB,IR,IAT,12879722,XS,M03,1,0,1,1,0,1,1,1,0,0
C392,C392 Name,B,C,SD,TTT,2588470,L,M07,1,0,0,0,1,1,0,0,0,0
C393,C393 Name,G,AAAA,RU,MKT,18555694,XL,M07,1,1,1,1,0,0,1,1,1,1
C394,C394 Name,C,BBBB,SD,SEV,9095908,S,M02,0,0,1,0,0,0,0,0,0,0
C395,C395 Name,F,A,IR,ENG,11621933,M,M03,0,1,1,0,0,1,1,1,0,1
C396,C396 Name,G,AAAA,CN,SEV,12376100,M,M10,1,0,1,1,0,0,0,0,1,0
C397,C397 Name,C,B,AP,ENG,17220392,M,M03,0,0,0,0,0,0,1,0,0,0
C398,C398 Name,G,BB,SD,IAT,15604696,L,M06,1,0,1,1,1,0,0,0,1,0
C399,C399 Name,F,BBBB,CN,MKT,9645116,L,M04,0,1,0,0,0,0,1,0,0,1
C400,C400 Name,D,AAAA,EU,IAT,10621928,L,M01,1,1,0,0,1,1,1,0,1,1
C401,C401 Name,J,B,EU,ENG,5370642,S,M04,1,1,0,1,1,1,0,0,0,1
C402,C402 Name,D,AA,TT,SEV,1849876,XS,M09,0,1,0,1,1,0,1,1,0,1
C403,C403 Name,A,BB,AP,TTT,2416093,XXL,M10,1,1,0,0,0,0,0,1,1,1
C404,C404 Name,G,BBBB,TT,LPG,3897496,XXL,M09,0,1,1,0,0,1,1,0,0,0
C405,C405 Name,D,BB,IR,ENG,4909169,XXL,M04,0,0,1,1,1,0,1,1,0,0
C406,C406 Name,E,BB,HK,TTT,19963024,XL,M01,0,1,1,1,0,1,1,1,0,0
C407,C407 Name,C,BBB,HK,LPG,18638876,M,M05,1,0,0,0,1,1,1,1,1,1
C408,C408 Name,B,BB,SD,LPG,637387,L,M05,1,0,0,0,0,1,0,1,1,1
C409,C409 Name,D,AA,US,LPG,5233064,L,M06,0,1,0,1,1,1,1,0,1,1
C410,C410 Name,C,A,CN,IAT,4115451,XXL,M09,0,0,0,0,1,0,1,1,1,1
C411,C411 Name,C,AAA,HK,TTT,14178979,XS,M05,1,1,0,1,1,1,0,1,1,0
C412,C412 Name,A,AA,AP,ENG,9706671,L,M01,0,0,1,0,1,0,1,0,1,0
C413,C413 Name,I,C,AP,IAT,13059318,L,M01,1,1,1,0,1,1,1,0,0,1
C414,C414 Name,A,BBBB,TT,MKT,15827622,S,M04,0,1,1,0,0,0,0,1,0,0
C415,C415 Name,H,C,SD,IAT,351198,L,M07,1,0,0,1,0,0,0,0,1,1
C416,C416 Name,B,A,TT,TTT,9951265,XS,M05,0,0,0,1,1,1,1,0,0,0
C417,C417 Name,F,AA,EU,SEV,17783679,L,M08,1,1,0,1,0,1,1,1,0,0
C418,C418 Name,C,AAAA,SD,SEV,12423384,XL,M01,0,0,1,0,1,1,0,0,1,1
C419,C419 Name,C,AAA,EU,ENG,15449119,L,M04,0,0,0,0,0,1,0,0,0,1
C420,C420 Name,A,BBBB,AP,LPG,6463571,L,M09,1,0,0,0,0,1,0,0,1,1
C421,C421 Name,A,C,TT,SEV,19906034,XXL,M09,0,1,1,1,1,1,0,1,0,1
C422,C422 Name,C,BB,TT,ENG,17225280,XL,M03,0,0,1,0,1,1,0,1,1,1
C423,C423 Name,H,BBBB,AP,ENG,4101156,XS,M08,0,0,1,1,1,0,0,0,1,0
C424,C424 Name,A,AAAA,US,LPG,12691702,XS,M08,0,1,1,1,0,1,1,1,1,1
C425,C425 Name,D,AAAA,EU,MKT,11361857,M,M10,0,0,0,1,1,1,1,1,1,1
C426,C426 Name,A,AAA,TT,SEV,10464875,L,M02,1,1,1,1,1,1,0,1,0,1
C427,C427 Name,F,BB,RU,SEV,15547594,XS,M06,1,0,0,1,1,1,0,1,1,0
C428,C428 Name,C,A,EU,IAT,16670567,M,M09,0,1,0,1,1,0,0,0,0,0
C429,C429 Name,D,AAAA,CN,TTT,11106540,XXL,M01,1,1,0,1,0,0,1,1,0,1
C430,C430 Name,J,BB,HK,MKT,4456359,XS,M09,1,1,1,1,1,1,1,0,0,1
C431,C431 Name,D,BBB,EU,ENG,16613701,L,M05,1,1,1,1,1,1,1,1,1,0
C432,C432 Name,E,AAA,AP,LPG,3328921,L,M03,0,0,1,0,1,1,0,1,1,0
C433,C433 Name,G,AA,EU,ENG,5977783,XXL,M06,0,0,1,1,1,0,0,1,1,0
C434,C434 Name,J,BBB,AP,ENG,6730224,XS,M06,1,1,0,0,1,0,0,1,1,1
C435,C435 Name,B,AAAA,SD,LPG,16103834,XS,M04,0,0,0,0,1,1,0,0,1,1
C436,C436 Name,F,BB,US,LPG,4964695,M,M06,0,1,1,1,0,1,1,0,1,1
C437,C437 Name,C,BBB,AP,SEV,19833539,XXL,M09,1,0,1,0,1,0,1,1,0,1
C438,C438 Name,F,BB,US,LPG,8929101,S,M01,0,1,0,1,1,1,1,1,1,0
C439,C439 Name,J,AAA,US,MKT,15197414,XXL,M08,1,1,1,1,1,1,1,1,1,0
C440,C440 Name,H,BBBB,TT,MKT,4936374,XS,M04,1,1,0,0,0,0,0,0,1,1
C441,C441 Name,D,BBBB,EU,LPG,15851630,XXL,M07,0,1,0,1,1,0,0,1,1,1
C442,C442 Name,H,C,CN,ENG,18876921,S,M07,1,0,1,1,0,1,0,1,1,0
C443,C443 Name,B,BBBB,CN,IAT,6595291,XXL,M08,0,0,1,0,1,1,0,1,1,0
C444,C444 Name,F,AAAA,US,ENG,17331596,M,M02,1,1,0,1,1,0,1,0,1,1
C445,C445 Name,I,BBBB,SD,LPG,13868524,XL,M10,1,1,1,1,1,0,1,0,1,0
C446,C446 Name,F,AAA,HK,SEV,19348378,M,M09,0,0,1,1,0,0,1,0,1,0
C447,C447 Name,I,BB,IR,ENG,16533974,XL,M07,0,1,1,1,1,0,0,1,1,1
C448,C448 Name,E,B,RU,SEV,17510927,S,M07,0,0,0,1,1,1,1,1,1,1
C449,C449 Name,B,BBBB,TT,TTT,7426034,XXL,M04,1,1,0,1,1,1,1,1,1,0
C450,C450 Name,E,AAAA,TT,ENG,3191328,XXL,M10,0,0,0,1,1,0,0,0,1,0
C451,C451 Name,E,A,EU,IAT,4045189,XL,M04,0,0,0,1,1,1,1,0,1,0
C452,C452 Name,G,AAA,AP,ENG,16889772,XS,M05,0,0,0,1,1,1,1,1,1,1
C453,C453 Name,I,AAAA,AP,IAT,11309425,XL,M02,1,0,1,1,0,1,1,1,1,1
C454,C454 Name,G,BBBB,AP,ENG,2201131,L,M10,1,0,1,0,0,0,0,0,1,0
C455,C455 Name,A,BBB,EU,SEV,12945667,XS,M03,1,1,1,0,1,0,1,1,1,0
C456,C456 Name,A,BBB,AP,LPG,14077633,XS,M08,1,0,1,0,1,0,1,1,0,0
C457,C457 Name,H,BB,EU,MKT,2051561,M,M05,1,1,0,1,0,0,0,0,0,0
C458,C458 Name,G,C,AP,ENG,9768349,XL,M09,1,1,0,1,0,1,1,1,1,0
C459,C459 Name,G,AAAA,CN,ENG,16336177,M,M05,0,1,0,1,0,0,1,1,0,1
C460,C460 Name,J,BBB,AP,TTT,1281896,M,M01,0,0,1,1,1,1,1,0,0,1
C461,C461 Name,J,BB,AP,TTT,18683889,L,M10,1,1,1,1,0,0,0,1,0,1
C462,C462 Name,A,A,HK,MKT,165865,XS,M01,0,0,0,1,1,0,0,1,0,1
C463,C463 Name,I,BB,TT,MKT,14463121,XL,M08,0,0,0,1,0,0,0,0,1,0
C464,C464 Name,C,A,SD,LPG,18929772,M,M06,0,0,1,1,0,0,0,0,0,1
C465,C465 Name,B,BBB,EU,LPG,15718657,M,M03,0,0,1,1,1,0,0,0,1,1
C466,C466 Name,I,AAAA,AP,SEV,14001835,M,M08,1,1,0,0,1,0,0,1,1,1
C467,C467 Name,I,BBBB,EU,TTT,16743474,XXL,M09,1,0,0,1,0,0,1,0,0,1
C468,C468 Name,J,BBB,SD,SEV,12143744,S,M06,1,0,0,0,1,1,0,0,0,1
C469,C469 Name,B,AA,TT,ENG,7719999,S,M10,0,0,0,0,0,1,1,0,0,1
C470,C470 Name,C,BB,EU,TTT,8543754,XL,M03,0,0,1,0,1,0,1,0,1,1
C471,C471 Name,F,A,RU,LPG,11624568,XS,M04,1,0,1,1,1,1,1,1,1,1
C472,C472 Name,I,BBBB,US,IAT,7450280,XL,M08,0,0,1,0,1,1,0,1,0,1
C473,C473 Name,I,BB,AP,SEV,16884770,XXL,M05,0,1,1,0,1,0,1,1,0,0
C474,C474 Name,J,A,HK,LPG,19388936,S,M09,0,0,0,0,1,1,0,0,0,0
C475,C475 Name,C,C,US,LPG,12465427,L,M01,0,0,0,1,0,0,1,1,0,1
C476,C476 Name,J,AAA,RU,MKT,7365645,S,M03,1,0,1,0,1,1,0,0,1,1
C477,C477 Name,C,BB,SD,IAT,14775762,L,M08,1,1,0,0,0,1,1,1,1,0
C478,C478 Name,A,C,AP,MKT,8768830,L,M10,0,1,0,1,0,0,0,0,1,1
C479,C479 Name,C,C,SD,IAT,14830520,L,M07,1,0,0,0,1,1,1,1,1,1
C480,C480 Name,H,BB,RU,IAT,1833166,L,M09,1,1,0,1,1,0,0,1,0,1
C481,C481 Name,C,AAAA,CN,IAT,18265618,M,M08,0,1,1,0,0,0,1,1,1,1
C482,C482 Name,J,BB,IR,MKT,1542869,XL,M06,0,0,1,0,0,1,1,0,0,1
C483,C483 Name,E,C,HK,MKT,16924037,M,M09,0,0,1,0,0,0,0,0,1,0
C484,C484 Name,E,AAA,HK,TTT,7304557,XXL,M06,0,1,0,0,0,0,0,1,1,0
C485,C485 Name,A,BBBB,IR,IAT,9552054,XXL,M05,1,0,0,1,0,0,0,0,1,0
C486,C486 Name,J,B,EU,SEV,15946931,XL,M02,1,0,1,1,0,0,0,1,0,0
C487,C487 Name,D,BBB,US,ENG,13179397,XL,M10,1,0,0,0,1,0,1,1,0,1
C488,C488 Name,F,BB,RU,TTT,17305678,M,M04,1,0,0,1,1,0,0,0,1,1
C489,C489 Name,D,BBB,TT,ENG,10572270,S,M08,0,1,1,1,1,0,0,1,0,0
C490,C490 Name,H,BBBB,US,TTT,7297130,XL,M10,1,0,0,0,1,0,1,0,1,0
C491,C491 Name,A,BBB,EU,LPG,481364,S,M09,1,1,0,1,0,0,0,0,0,1
C492,C492 Name,I,BBB,AP,SEV,13433159,XS,M05,0,0,0,1,0,1,1,1,0,1
C493,C493 Name,H,BB,US,MKT,9386926,S,M03,1,0,1,0,1,1,1,0,0,1
C494,C494 Name,G,AA,RU,MKT,7246424,XXL,M08,1,0,0,0,0,0,0,0,1,0
C495,C495 Name,C,B,TT,LPG,339543,M,M09,1,0,0,0,1,1,0,0,0,1
C496,C496 Name,F,AAAA,RU,ENG,3388035,XXL,M10,0,0,1,1,0,0,0,0,1,0
C497,C497 Name,I,BB,EU,MKT,12367595,S,M02,0,1,1,1,1,1,0,1,0,0
C498,C498 Name,C,B,AP,SEV,10765894,XL,M08,0,1,0,1,1,0,0,1,1,1
C499,C499 Name,A,AAA,HK,MKT,19105907,L,M03,1,0,1,1,0,0,0,1,1,0
C500,C500 Name,I,B,CN,SEV,3148666,XL,M04,1,1,1,1,1,0,1,1,0,0
C501,C501 Name,C,AAA,HK,TTT,18456693,XL,M05,1,0,0,0,1,1,0,1,1,1
C502,C502 Name,G,A,RU,ENG,13065290,XXL,M10,0,0,1,0,0,0,0,1,1,0
C503,C503 Name,C,BB,IR,SEV,15593786,XXL,M10,1,1,1,1,0,1,0,0,1,1
C504,C504 Name,B,AAA,US,SEV,19382442,XS,M06,0,0,0,0,0,0,1,1,1,0
C505,C505 Name,E,AAA,RU,MKT,9489191,S,M09,1,1,0,1,1,1,1,1,1,1
C506,C506 Name,E,BBB,US,TTT,4577281,S,M08,0,1,1,1,1,1,0,1,1,0
C507,C507 Name,H,AA,HK,ENG,7792654,XS,M07,0,0,1,0,0,0,1,0,0,1
C508,C508 Name,F,C,SD,ENG,4014865,M,M05,1,0,0,1,1,1,1,0,0,1
C509,C509 Name,E,A,CN,MKT,14607759,S,M04,0,1,0,0,0,0,0,1,1,0
C510,C510 Name,E,A,CN,MKT,5514014,L,M10,1,1,1,1,1,0,1,0,0,1
C511,C511 Name,B,A,US,ENG,8290178,S,M05,1,0,1,0,1,1,0,1,1,0
C512,C512 Name,J,BBB,CN,MKT,3097880,M,M01,0,0,1,1,1,1,1,1,0,1
C513,C513 Name,F,AA,SD,LPG,2712690,L,M09,1,1,1,0,0,1,1,1,1,0
C514,C514 Name,H,C,TT,MKT,4526166,XL,M01,1,0,1,0,0,0,1,1,1,1
C515,C515 Name,D,C,EU,ENG,1307901,XL,M08,0,0,0,0,1,1,0,1,1,0
C516,C516 Name,G,BBBB,AP,MKT,16512591,XS,M09,1,1,0,0,0,1,0,0,1,0
C517,C517 Name,F,BBBB,EU,TTT,18452395,M,M06,0,0,0,0,0,0,1,1,0,1
C518,C518 Name,I,C,CN,LPG,6880585,XXL,M04,1,1,0,1,1,0,0,0,0,0
C519,C519 Name,E,AAA,HK,IAT,5507330,L,M05,1,1,0,0,1,1,1,0,1,0
C520,C520 Name,B,BBB,IR,IAT,9861342,XS,M09,0,0,0,1,1,0,1,1,0,1
C521,C521 Name,B,A,HK,ENG,5978066,S,M10,0,0,0,1,1,1,1,0,1,0
C522,C522 Name,I,BBB,EU,SEV,4278702,XXL,M06,0,0,0,1,0,0,0,0,1,0
C523,C523 Name,H,AAAA,AP,TTT,14890803,XXL,M07,0,1,1,1,1,1,1,0,0,0
C524,C524 Name,B,AAAA,AP,LPG,5853480,XL,M03,1,1,0,0,0,0,0,1,0,0
C525,C525 Name,D,BBBB,CN,MKT,5489622,XXL,M08,0,0,1,0,0,1,0,1,0,0
C526,C526 Name,C,A,IR,MKT,192388,L,M10,1,1,1,0,1,1,0,0,0,1
C527,C527 Name,I,AAAA,SD,IAT,9213936,XL,M03,1,0,1,1,0,1,0,1,0,1
C528,C528 Name,H,BB,TT,SEV,14784423,XS,M05,1,1,1,0,1,0,1,0,0,0
C529,C529 Name,I,A,US,TTT,18750937,XXL,M08,1,1,1,0,0,1,0,1,1,1
C530,C530 Name,J,AAAA,EU,IAT,2909975,XL,M08,0,0,1,0,0,0,1,1,1,0
C531,C531 Name,J,BB,TT,TTT,3799682,S,M07,0,1,0,0,0,1,0,0,0,1
C532,C532 Name,D,AAAA,CN,SEV,5011463,XS,M09,0,0,0,1,0,0,1,1,0,1
C533,C533 Name,C,BB,AP,MKT,8211409,XL,M04,0,1,0,0,1,1,1,0,0,0
C534,C534 Name,H,B,HK,ENG,18272811,XS,M06,1,0,1,1,0,1,0,0,1,0
C535,C535 Name,I,AAAA,TT,SEV,4321904,XXL,M09,1,0,0,1,0,0,0,0,0,0
C536,C536 Name,G,C,CN,LPG,2908647,S,M09,0,0,0,1,1,1,0,1,1,0
C537,C537 Name,A,A,AP,LPG,18816011,XL,M01,1,0,0,1,1,0,1,1,0,0
C538,C538 Name,E,AAA,SD,LPG,6794482,XL,M03,0,1,1,0,1,0,1,1,1,1
C539,C539 Name,E,AA,RU,IAT,246810,XXL,M06,0,0,1,1,0,0,0,1,1,1
C540,C540 Name,A,C,AP,LPG,800082,XL,M04,0,0,1,1,1,1,0,1,1,1
C541,C541 Name,H,A,EU,SEV,16729607,S,M06,0,0,0,1,1,0,1,1,1,0
C542,C542 Name,H,BB,AP,SEV,17448270,XL,M10,0,1,0,0,0,0,1,0,0,1
C543,C543 Name,J,BB,IR,TTT,3286198,XS,M02,0,1,0,1,1,1,1,1,0,0
C544,C544 Name,B,AAAA,TT,IAT,8738916,XL,M07,0,1,1,1,1,1,1,0,1,0
C545,C545 Name,B,BBB,US,ENG,9549536,S,M09,0,0,1,1,0,0,1,0,0,1
C546,C546 Name,B,C,AP,MKT,1548244,XS,M05,1,1,1,1,0,0,0,0,0,1
C547,C547 Name,I,AA,CN,IAT,8516964,S,M01,0,0,0,1,0,1,0,1,0,0
C548,C548 Name,I,B,US,IAT,8385525,XXL,M01,1,0,1,1,1,1,0,1,1,1
C549,C549 Name,H,C,CN,TTT,13134083,M,M03,1,0,1,0,1,0,0,1,0,1
C550,C550 Name,B,AAA,RU,ENG,7198434,XS,M06,0,0,0,0,1,1,0,0,1,1
C551,C551 Name,G,B,US,SEV,1408217,L,M02,1,1,0,0,1,1,1,1,0,0
C552,C552 Name,I,AAA,AP,IAT,15089458,XL,M07,1,1,1,0,0,1,0,1,1,0
C553,C553 Name,J,AAAA,RU,LPG,9752346,M,M06,1,0,1,1,1,1,0,1,1,0
C554,C554 Name,A,AA,HK,MKT,2080620,XXL,M02,0,0,0,1,0,1,0,1,0,1
C555,C555 Name,I,BBBB,CN,ENG,15859111,S,M02,0,0,1,0,0,1,1,1,0,1
C556,C556 Name,I,AA,US,TTT,287952,XS,M07,0,1,0,1,0,1,0,1,1,0
C557,C557 Name,E,BBBB,TT,ENG,19828379,S,M07,0,1,0,0,1,0,1,0,1,1
C558,C558 Name,G,AAA,IR,SEV,11166004,XL,M05,1,1,0,0,1,1,1,0,1,0
C559,C559 Name,A,B,RU,IAT,16084377,XXL,M09,1,0,0,1,1,0,0,1,0,1
C560,C560 Name,J,BB,IR,IAT,17327247,XXL,M04,1,1,0,1,1,0,0,1,1,0
C561,C561 Name,F,BB,EU,IAT,11900833,S,M06,1,1,1,1,1,1,1,1,1,1
C562,C562 Name,J,BBBB,TT,IAT,16105196,XL,M09,1,1,0,1,1,0,0,1,1,0
C563,C563 Name,J,AAAA,AP,ENG,897110,XXL,M06,0,1,1,1,0,1,1,0,1,0
C564,C564 Name,F,AAA,TT,MKT,6295838,XS,M10,0,0,1,0,1,1,0,0,0,0
C565,C565 Name,C,AA,EU,TTT,7530437,XL,M08,1,1,0,1,1,0,0,0,1,0
C566,C566 Name,D,B,HK,TTT,14863740,M,M06,0,0,1,0,1,0,0,0,0,0
C567,C567 Name,G,BBB,SD,MKT,12502813,L,M05,1,0,0,1,0,0,1,1,0,1
C568,C568 Name,G,AA,IR,LPG,13443083,L,M04,1,0,0,0,1,1,0,0,1,0
C569,C569 Name,F,AAA,AP,ENG,6705397,XS,M04,0,1,0,0,1,1,0,0,1,0
C570,C570 Name,G,A,EU,SEV,14232373,XXL,M02,0,1,0,0,0,0,0,1,0,1
C571,C571 Name,H,B,SD,LPG,3564462,L,M07,1,1,1,0,1,1,0,1,0,0
C572,C572 Name,A,AAAA,SD,LPG,1307513,L,M01,0,1,1,0,1,1,1,1,1,0
C573,C573 Name,H,C,IR,SEV,9478023,XS,M06,0,1,0,1,0,1,0,1,1,1
C574,C574 Name,B,BB,TT,SEV,10860118,XL,M05,1,0,0,0,1,0,0,0,1,0
C575,C575 Name,C,BB,TT,MKT,8635010,XL,M10,0,0,0,0,1,1,1,1,0,1
C576,C576 Name,I,BBB,IR,MKT,14852454,XL,M01,0,1,0,1,0,0,0,0,0,0
C577,C577 Name,B,AAAA,AP,IAT,2013273,XXL,M10,0,1,1,0,0,1,0,0,0,0
C578,C578 Name,B,B,US,TTT,10179039,S,M04,1,0,1,1,0,1,0,1,0,0
C579,C579 Name,E,AA,SD,LPG,10441521,XL,M01,0,0,0,1,0,0,0,1,1,1
C580,C580 Name,C,A,TT,IAT,12836875,M,M03,1,1,1,1,1,1,0,1,0,1
C581,C581 Name,A,BBBB,HK,LPG,18031996,L,M09,0,1,0,0,0,0,1,0,0,0
C582,C582 Name,E,AA,RU,MKT,8026055,XL,M08,1,0,1,0,0,1,0,1,0,0
C583,C583 Name,B,BB,TT,ENG,11708224,XL,M08,0,1,0,1,0,1,1,0,1,0
C584,C584 Name,I,AA,RU,SEV,2418553,M,M05,0,0,1,0,0,1,1,1,1,0
C585,C585 Name,G,AAAA,SD,ENG,3523391,XL,M06,1,0,1,0,1,0,0,1,0,1
C586,C586 Name,I,A,AP,LPG,18836063,L,M01,1,0,0,1,0,0,1,0,0,0
C587,C587 Name,C,AAAA,RU,LPG,3504119,M,M03,0,0,1,1,0,1,0,1,1,0
C588,C588 Name,D,B,EU,LPG,3099610,XL,M01,0,1,1,1,1,0,1,0,1,1
C589,C589 Name,B,B,IR,TTT,7981954,M,M09,1,1,0,1,0,0,0,1,0,0
C590,C590 Name,E,C,IR,MKT,8723363,S,M02,1,0,1,0,0,1,0,1,1,1
C591,C591 Name,A,BB,TT,LPG,9197758,L,M01,1,0,0,0,0,0,0,1,1,1
C592,C592 Name,D,B,RU,MKT,3240829,XL,M02,1,0,0,1,1,0,0,0,1,1
C593,C593 Name,A,AAA,AP,MKT,8024496,XS,M06,1,0,0,1,0,1,1,0,0,0
C594,C594 Name,I,AA,EU,SEV,15213186,S,M09,0,1,1,0,1,1,0,1,1,1
C595,C595 Name,H,BB,TT,SEV,13590173,XL,M02,1,1,0,0,1,0,1,1,1,0
C596,C596 Name,F,BBB,CN,LPG,5816287,XS,M06,1,1,0,0,0,1,1,1,1,0
C597,C597 Name,I,BBB,US,TTT,7331066,XXL,M07,1,1,0,1,0,1,1,1,1,0
C598,C598 Name,F,B,SD,TTT,14598295,XS,M10,1,1,0,0,1,0,0,0,0,1
C599,C599 Name,B,C,US,MKT,12146896,XL,M02,1,0,1,1,0,1,1,0,0,0
C600,C600 Name,A,C,EU,IAT,16799122,L,M05,1,0,0,0,0,1,1,1,0,1
C601,C601 Name,B,AAAA,AP,ENG,19014595,L,M09,1,0,1,0,1,1,1,0,1,1
C602,C602 Name,D,BBBB,RU,ENG,15248602,L,M03,0,0,0,1,1,1,1,1,1,1
C603,C603 Name,I,BBBB,EU,LPG,5056405,S,M06,1,0,0,0,1,1,1,1,1,1
C604,C604 Name,B,B,SD,TTT,1917021,XS,M01,0,1,1,1,1,0,0,1,0,1
C605,C605 Name,A,BB,US,TTT,14377372,M,M07,1,0,1,1,1,0,1,0,0,0
C606,C606 Name,A,BB,IR,SEV,980534,L,M06,0,1,0,0,1,0,0,0,1,0
C607,C607 Name,G,BBBB,RU,SEV,11422936,L,M06,0,1,1,0,0,0,1,1,0,1
C608,C608 Name,B,BBBB,CN,LPG,16727732,XXL,M04,0,0,0,0,0,0,0,1,0,0
C609,C609 Name,D,AAA,US,LPG,4457256,XS,M05,1,1,1,1,0,1,0,0,0,1
C610,C610 Name,C,BB,US,ENG,2971641,S,M09,1,0,1,1,0,0,1,1,0,0
C611,C611 Name,J,AA,HK,IAT,7578639,S,M05,0,1,0,0,1,1,0,1,1,0
C612,C612 Name,D,BB,IR,IAT,7339758,XS,M04,0,1,0,0,0,1,1,0,1,1
C613,C613 Name,B,AAA,TT,MKT,833043,M,M03,0,0,1,0,1,1,0,0,1,0
C614,C614 Name,C,BBB,AP,TTT,3675015,XS,M03,1,0,0,1,0,0,1,1,1,1
C615,C615 Name,I,C,US,IAT,7357048,XXL,M02,0,1,0,1,1,0,1,1,0,1
C616,C616 Name,G,BB,US,IAT,3158836,S,M08,1,1,1,1,0,1,0,1,1,1
C617,C617 Name,J,AA,IR,LPG,9068608,L,M01,1,0,0,1,1,0,0,0,1,1
C618,C618 Name,B,AA,US,TTT,18339624,XS,M06,0,0,0,0,0,1,0,0,0,1
C619,C619 Name,H,B,TT,MKT,14801489,M,M10,0,1,0,1,1,0,1,0,1,0
C620,C620 Name,A,AA,AP,ENG,3001046,XS,M09,1,1,1,0,0,0,1,1,1,1
C621,C621 Name,F,B,HK,ENG,12690785,L,M01,1,1,0,1,0,1,1,0,0,1
C622,C622 Name,I,AA,EU,LPG,6539631,XXL,M10,1,0,1,1,1,0,0,0,1,0
C623,C623 Name,E,AAA,SD,SEV,15920091,S,M08,1,0,0,1,1,0,1,0,0,1
C624,C624 Name,J,BBB,EU,IAT,18296282,XS,M08,0,0,0,1,1,1,1,0,0,0
C625,C625 Name,I,AAA,HK,SEV,10261110,XS,M09,1,0,0,1,1,0,1,0,0,0
C626,C626 Name,E,AAAA,SD,TTT,3072071,S,M08,1,0,1,1,0,0,1,0,0,0
C627,C627 Name,I,A,IR,LPG,609315,XS,M06,1,1,1,1,0,0,1,1,0,1
C628,C628 Name,J,AA,RU,ENG,13333030,M,M01,0,0,1,1,0,0,0,0,1,0
C629,C629 Name,A,AAA,AP,IAT,12442311,XL,M02,1,1,1,1,0,0,0,0,0,0
C630,C630 Name,E,C,HK,LPG,16494447,L,M07,1,1,0,0,0,0,0,0,1,0
C631,C631 Name,F,AAAA,CN,LPG,4964944,XXL,M01,1,0,1,0,0,0,0,1,1,0
C632,C632 Name,F,A,TT,IAT,7617589,L,M02,0,0,0,0,0,0,1,0,1,1
C633,C633 Name,J,B,US,ENG,2220122,M,M01,0,0,0,1,1,0,0,1,0,1
C634,C634 Name,B,AA,CN,ENG,8408854,XL,M09,0,1,0,1,0,0,0,0,0,0
C635,C635 Name,F,BBB,CN,SEV,12458156,S,M09,0,0,1,0,0,0,0,1,1,0
C636,C636 Name,B,BBBB,RU,IAT,9902944,XL,M03,0,1,0,1,1,0,0,0,1,1
C637,C637 Name,A,AAAA,US,MKT,3567678,XS,M02,1,1,0,0,1,1,1,1,0,1
C638,C638 Name,I,AA,IR,SEV,15995669,XS,M09,1,0,1,1,0,1,0,1,0,1
C639,C639 Name,B,AAAA,IR,LPG,9230704,S,M10,0,0,1,0,1,0,0,1,0,1
C640,C640 Name,D,BBBB,EU,MKT,742166,XS,M01,1,1,0,0,1,0,1,0,0,0
C641,C641 Name,C,AAAA,HK,IAT,2694972,L,M01,0,1,1,0,0,0,0,0,0,1
C642,C642 Name,H,B,IR,ENG,13364281,S,M08,0,0,0,0,1,1,0,1,0,1
C643,C643 Name,F,BBB,CN,ENG,5254023,L,M08,1,1,0,0,0,0,0,1,1,1
C644,C644 Name,B,BBBB,CN,MKT,14815147,XL,M01,1,1,0,1,0,0,1,0,1,1
C645,C645 Name,J,AAA,CN,LPG,6970310,L,M04,1,0,0,0,0,1,0,0,1,0
C646,C646 Name,G,AA,SD,LPG,14363213,XXL,M09,0,1,1,0,0,0,0,0,1,1
C647,C647 Name,G,BBBB,SD,MKT,8351844,S,M10,0,1,1,0,1,1,0,0,0,0
C648,C648 Name,E,AAA,US,SEV,9611968,XXL,M02,1,1,1,0,1,0,0,0,1,1
C649,C649 Name,D,A,IR,LPG,5102478,L,M06,0,1,1,1,0,0,1,1,1,1
C650,C650 Name,D,AA,CN,SEV,10276442,M,M05,1,1,0,0,0,0,1,1,1,0
C651,C651 Name,E,C,RU,LPG,6692319,S,M05,1,0,0,1,1,0,1,1,1,0
C652,C652 Name,B,BBB,US,IAT,6926513,S,M03,1,1,0,0,0,0,1,1,0,1
C653,C653 Name,F,AA,AP,LPG,335479,S,M02,1,0,1,1,0,0,0,0,1,0
C654,C654 Name,J,AA,EU,ENG,8501476,S,M10,1,0,0,1,1,1,1,1,1,0
C655,C655 Name,I,BBB,CN,IAT,7428076,M,M10,0,0,1,0,0,0,0,0,0,0
C656,C656 Name,E,BB,TT,MKT,6675727,L,M01,1,1,0,0,1,0,1,0,0,0
C657,C657 Name,F,A,RU,MKT,15929035,M,M06,1,1,1,0,0,0,1,0,0,0
C658,C658 Name,G,B,EU,ENG,2325074,XS,M02,1,1,0,0,1,1,0,0,1,1
C659,C659 Name,H,C,AP,SEV,18746745,L,M06,1,0,1,1,0,1,0,1,1,0
C660,C660 Name,I,C,HK,ENG,17615301,XXL,M08,1,1,1,1,1,1,1,0,0,0
C661,C661 Name,D,A,HK,MKT,6005721,M,M02,1,0,1,0,1,1,1,1,0,1
C662,C662 Name,B,BBBB,US,LPG,1513158,XS,M05,0,1,1,1,0,0,1,0,0,0
C663,C663 Name,J,A,HK,TTT,15358884,L,M10,0,1,0,0,0,0,0,0,1,0
C664,C664 Name,I,AAA,AP,SEV,10997783,S,M02,1,0,0,0,0,1,1,1,1,1
C665,C665 Name,G,AA,IR,ENG,12537909,M,M05,1,0,0,0,1,1,0,1,1,1
C666,C666 Name,E,C,TT,IAT,2477326,XS,M09,1,0,0,1,1,0,1,1,0,0
C667,C667 Name,B,AA,IR,SEV,2737127,XL,M08,1,1,1,1,0,0,0,0,0,0
C668,C668 Name,C,AAAA,AP,MKT,18395207,L,M10,1,1,1,1,0,0,1,0,0,0
C669,C669 Name,F,AAAA,TT,LPG,4836284,M,M06,0,1,0,1,0,0,0,0,1,0
C670,C670 Name,D,BBBB,AP,MKT,7759561,S,M03,1,0,1,0,1,0,1,1,0,0
C671,C671 Name,D,BBB,SD,ENG,9487489,M,M04,0,0,1,1,1,1,1,0,0,0
C672,C672 Name,A,AAA,EU,IAT,19849394,M,M06,0,1,1,1,1,1,0,0,0,1
C673,C673 Name,E,AAA,SD,ENG,10776916,L,M09,0,0,0,1,0,0,0,0,0,1
C674,C674 Name,C,AA,EU,SEV,3749938,XS,M05,0,1,0,0,1,1,0,1,0,0
C675,C675 Name,F,B,IR,TTT,17601617,XL,M10,0,1,0,0,0,0,1,1,0,0
C676,C676 Name,F,BBB,EU,SEV,18079161,XS,M07,1,0,1,1,0,0,0,0,1,0
C677,C677 Name,C,AAAA,TT,SEV,2046573,L,M01,1,0,1,1,1,1,0,1,0,1
C678,C678 Name,J,A,EU,ENG,2679496,M,M03,0,0,0,1,1,0,0,0,0,1
C679,C679 Name,B,C,EU,SEV,1514468,L,M09,1,1,0,0,0,1,0,0,0,0
C680,C680 Name,E,BBBB,TT,TTT,8040193,XXL,M06,1,0,0,1,1,0,1,1,0,1
C681,C681 Name,I,A,RU,TTT,11154502,L,M04,0,0,0,1,1,0,1,0,1,0
C682,C682 Name,G,BB,EU,TTT,778941,XS,M08,0,1,1,0,1,0,1,0,1,1
C683,C683 Name,J,B,CN,LPG,136462,XL,M10,1,0,0,1,0,0,0,0,0,1
C684,C684 Name,B,A,US,LPG,5773060,XS,M09,0,1,0,1,0,1,1,0,0,0
C685,C685 Name,J,B,TT,MKT,18018444,XL,M07,0,0,1,1,1,1,1,0,1,0
C686,C686 Name,C,AAAA,SD,IAT,1081858,S,M04,0,1,0,0,0,0,1,1,0,0
C687,C687 Name,H,C,AP,TTT,9895786,XXL,M08,0,1,1,1,1,0,1,0,1,1
C688,C688 Name,E,AAAA,US,IAT,10538339,S,M02,0,1,1,1,0,0,1,0,0,0
C689,C689 Name,I,C,IR,LPG,4841869,S,M02,1,1,0,0,0,0,1,1,0,0
C690,C690 Name,I,AA,AP,LPG,10296562,XXL,M09,0,0,0,1,0,0,1,1,0,1
C691,C691 Name,F,AA,SD,ENG,3062835,L,M01,0,0,1,0,1,0,0,1,1,1
C692,C692 Name,C,A,RU,TTT,3022994,M,M05,1,1,1,1,1,1,1,0,0,1
C693,C693 Name,D,AAAA,SD,LPG,316158,XXL,M02,0,0,1,0,1,0,0,1,0,0
C694,C694 Name,H,AAAA,US,TTT,12521730,M,M03,0,0,0,0,0,1,0,0,1,1
C695,C695 Name,C,BBBB,HK,LPG,13458536,XL,M06,0,1,1,0,0,1,0,1,1,1
C696,C696 Name,G,AA,US,TTT,12942758,M,M03,0,0,0,1,1,1,0,0,0,1
C697,C697 Name,H,AA,IR,SEV,18061696,XL,M08,1,0,0,1,1,0,1,1,1,1
C698,C698 Name,I,BBB,US,IAT,7067591,XXL,M03,0,1,0,1,1,0,0,1,0,1
C699,C699 Name,E,A,TT,SEV,3211646,XL,M02,0,0,0,1,1,1,0,0,0,0
C700,C700 Name,D,AAAA,SD,ENG,4143447,XL,M09,0,0,1,1,0,0,1,1,1,0
C701,C701 Name,H,BBB,TT,IAT,13896819,L,M05,1,1,1,0,1,1,1,0,1,1
C702,C702 Name,F,C,RU,LPG,3533754,M,M02,1,1,1,1,1,0,1,1,1,0
C703,C703 Name,E,AA,TT,MKT,3471640,L,M04,1,0,1,1,0,1,0,1,0,0
C704,C704 Name,I,BBBB,AP,LPG,10825580,XS,M06,1,1,0,1,0,1,0,0,1,0
C705,C705 Name,E,BBB,SD,MKT,14075307,XXL,M03,1,0,1,0,0,1,0,0,1,1
C706,C706 Name,E,AAAA,RU,ENG,1582711,XL,M02,1,1,1,1,0,1,0,1,1,0
C707,C707 Name,J,AAA,EU,SEV,5720240,L,M10,0,1,1,1,0,1,1,1,1,1
C708,C708 Name,D,BBBB,HK,ENG,18208767,XL,M06,1,1,1,1,0,0,1,0,0,0
C709,C709 Name,E,AAA,SD,MKT,19422977,M,M09,0,0,0,0,1,0,0,1,0,1
C710,C710 Name,A,A,TT,TTT,2037784,XXL,M08,0,0,1,1,0,0,0,1,1,0
C711,C711 Name,H,AAAA,EU,LPG,6702499,S,M01,1,1,1,1,0,0,1,0,0,1
C712,C712 Name,H,BBB,HK,LPG,6542899,XS,M06,1,1,0,1,0,0,1,1,0,1
C713,C713 Name,D,AA,IR,ENG,11180166,XS,M02,0,0,0,0,1,1,0,1,0,0
C714,C714 Name,E,BBBB,SD,MKT,15198628,L,M09,1,0,1,0,1,0,1,1,1,0
C715,C715 Name,A,BBBB,SD,TTT,10431413,XS,M02,0,0,1,1,1,0,1,1,0,0
C716,C716 Name,I,BB,RU,TTT,6864779,M,M08,1,0,1,0,0,0,0,0,1,0
C717,C717 Name,J,AAA,HK,ENG,5315133,M,M03,0,0,0,0,1,1,1,0,1,0
C718,C718 Name,B,AAAA,AP,SEV,13355781,XS,M06,0,1,1,1,1,1,1,0,1,0
C719,C719 Name,I,B,SD,MKT,4222703,L,M08,1,1,1,0,1,1,0,0,1,0
C720,C720 Name,C,C,TT,MKT,8489266,XXL,M10,0,0,1,1,1,0,0,1,1,0
C721,C721 Name,E,BBB,US,IAT,19294276,XXL,M07,1,0,0,1,1,0,1,1,0,0
C722,C722 Name,H,A,TT,LPG,17862956,XL,M01,1,0,0,1,1,1,1,1,1,1
C723,C723 Name,H,C,SD,MKT,11106201,XL,M07,0,0,1,0,1,1,1,1,1,0
C724,C724 Name,G,BBB,RU,MKT,16989306,XXL,M10,1,0,0,0,1,0,1,1,0,0
C725,C725 Name,B,BBBB,HK,SEV,2665664,XXL,M03,1,1,0,1,0,1,0,1,1,1
C726,C726 Name,H,B,IR,SEV,18454424,M,M10,0,0,0,0,0,1,0,0,0,0
C727,C727 Name,C,B,EU,IAT,15757720,S,M02,1,0,0,0,0,1,0,0,1,0
C728,C728 Name,C,BB,IR,LPG,5608201,XL,M07,1,1,1,0,1,0,1,0,1,0
C729,C729 Name,E,C,US,MKT,15859910,S,M07,1,1,0,1,0,1,1,0,0,1
C730,C730 Name,E,BB,AP,IAT,8733763,M,M01,1,1,0,0,0,1,1,0,0,0
C731,C731 Name,D,BB,HK,ENG,5213689,M,M05,0,0,1,0,0,0,0,0,0,0
C732,C732 Name,F,B,IR,SEV,8522900,XS,M01,1,0,1,1,0,0,1,1,1,0
C733,C733 Name,C,AAA,CN,TTT,3933145,XL,M10,0,0,0,0,0,0,0,1,1,0
C734,C734 Name,E,AAA,TT,ENG,1372255,S,M06,1,0,1,0,1,0,0,0,0,0
C735,C735 Name,G,AAA,SD,ENG,18521487,XXL,M10,0,0,1,0,0,1,0,1,0,1
C736,C736 Name,H,C,AP,ENG,4264871,XL,M06,1,0,0,0,0,0,0,0,0,1
C737,C737 Name,J,BBBB,TT,MKT,3489734,L,M07,0,1,0,1,0,0,1,1,1,0
C738,C738 Name,J,B,SD,SEV,2601804,XS,M06,1,0,1,1,0,1,0,0,0,0
C739,C739 Name,H,AAA,EU,TTT,15448265,S,M05,1,0,0,0,0,1,0,0,1,0
C740,C740 Name,D,B,HK,TTT,4735889,L,M07,1,1,0,1,1,1,0,1,0,1
C741,C741 Name,D,BBB,TT,MKT,16781926,XL,M01,1,0,1,1,1,0,1,1,1,0
C742,C742 Name,D,AA,EU,ENG,7787461,XS,M04,1,1,0,1,1,0,1,0,0,0
C743,C743 Name,B,AAAA,CN,ENG,643097,M,M05,1,1,1,0,1,1,1,0,0,1
C744,C744 Name,E,AAAA,TT,LPG,18199930,L,M04,1,0,1,0,0,0,0,1,0,0
C745,C745 Name,H,BBBB,TT,TTT,11712315,XL,M08,1,0,1,1,1,1,0,0,0,0
C746,C746 Name,I,AAA,SD,TTT,15222019,XL,M03,0,0,0,0,1,1,0,1,0,1
C747,C747 Name,G,AAA,RU,MKT,19220889,XXL,M04,1,1,1,0,0,1,0,1,1,0
C748,C748 Name,I,AAA,CN,IAT,3335563,XXL,M06,0,0,1,1,1,1,0,1,1,0
C749,C749 Name,J,AAAA,CN,MKT,6628202,M,M09,0,1,1,1,0,0,0,0,1,0
C750,C750 Name,B,B,HK,MKT,3051286,S,M09,1,1,1,1,0,0,1,1,1,1
C751,C751 Name,C,BBB,AP,LPG,15941492,S,M10,1,0,0,1,0,1,1,1,0,0
C752,C752 Name,A,BB,HK,IAT,12610314,XXL,M02,0,0,0,1,0,0,1,1,0,0
C753,C753 Name,I,BBBB,CN,IAT,5002920,XL,M06,0,1,0,0,0,1,1,1,1,1
C754,C754 Name,I,BB,HK,TTT,3646977,M,M04,0,1,0,0,1,0,1,0,1,1
C755,C755 Name,A,A,RU,MKT,9194838,XXL,M03,1,0,0,1,1,1,0,0,0,1
C756,C756 Name,J,C,IR,ENG,14726859,L,M04,0,0,1,1,0,0,0,1,0,0
C757,C757 Name,E,BB,RU,MKT,19228104,XL,M01,1,1,0,1,1,0,0,0,1,0
C758,C758 Name,B,B,TT,IAT,13446679,S,M10,1,0,1,1,1,0,0,1,0,1
C759,C759 Name,G,B,TT,SEV,13990890,XXL,M02,0,1,1,1,0,1,1,0,0,0
C760,C760 Name,B,AA,US,LPG,9301105,L,M04,0,0,0,1,0,1,0,0,0,1
C761,C761 Name,D,AAA,US,TTT,14480503,XXL,M04,1,0,0,0,1,0,0,0,0,1
C762,C762 Name,B,BBB,CN,LPG,10365397,M,M05,0,1,0,1,0,0,1,1,1,0
C763,C763 Name,E,AAA,EU,IAT,19791140,XS,M03,1,1,1,1,0,1,1,1,0,0
C764,C764 Name,F,BBBB,US,SEV,17658257,XXL,M09,1,1,0,0,1,1,0,1,1,1
C765,C765 Name,F,AAA,TT,TTT,11134946,XL,M05,0,0,1,1,0,0,0,1,0,1
C766,C766 Name,H,B,TT,ENG,7304981,XS,M07,0,0,0,1,1,0,0,1,0,0
C767,C767 Name,D,B,EU,IAT,9071939,S,M07,1,0,1,0,1,0,1,0,0,0
C768,C768 Name,H,BB,CN,LPG,416620,M,M03,0,0,0,1,1,1,0,0,1,0
C769,C769 Name,H,BB,US,ENG,9383194,XL,M10,0,1,1,0,1,0,0,0,0,0
C770,C770 Name,B,BB,TT,IAT,775461,XL,M08,1,0,0,1,0,1,1,0,1,1
C771,C771 Name,F,AAAA,RU,IAT,11970645,M,M07,0,1,0,0,0,1,1,1,0,1
C772,C772 Name,A,AAA,IR,IAT,1382239,S,M01,0,1,1,0,0,0,0,0,1,0
C773,C773 Name,I,AAA,RU,TTT,18657538,XXL,M07,0,0,1,0,1,1,1,0,0,0
C774,C774 Name,C,A,SD,TTT,15076734,XXL,M10,0,0,1,1,0,1,0,0,0,0
C775,C775 Name,D,BBB,HK,IAT,6396737,XL,M08,0,0,1,0,1,0,1,1,1,1
C776,C776 Name,G,B,IR,SEV,8258602,XS,M08,1,1,0,0,0,0,1,1,0,1
C777,C777 Name,J,B,US,SEV,19417449,M,M10,0,1,1,0,0,0,1,1,0,1
C778,C778 Name,H,AAA,RU,MKT,5444442,M,M07,1,1,1,1,0,0,0,0,0,1
C779,C779 Name,F,C,US,LPG,2923568,L,M01,1,1,1,0,1,0,0,0,1,0
C780,C780 Name,G,AAAA,RU,TTT,3434783,M,M09,1,1,0,0,0,1,0,0,1,1
C781,C781 Name,G,BB,HK,LPG,9277851,S,M02,1,1,0,0,1,1,0,1,1,0
C782,C782 Name,A,AA,AP,LPG,14960606,M,M09,0,1,0,0,0,0,1,1,1,1
C783,C783 Name,B,BBBB,CN,LPG,5827505,XXL,M04,0,0,0,1,1,0,0,0,1,0
C784,C784 Name,D,C,CN,MKT,2045659,M,M04,0,1,1,1,1,1,0,1,1,0
C785,C785 Name,H,AAAA,SD,SEV,10284453,XXL,M02,1,1,0,0,0,0,1,1,1,1
C786,C786 Name,A,BBBB,EU,SEV,4296474,XXL,M09,0,1,0,0,0,1,0,1,0,1
C787,C787 Name,J,BBB,CN,IAT,13449339,XL,M05,1,0,1,0,1,0,1,0,1,1
C788,C788 Name,A,BB,EU,IAT,1651517,M,M01,1,0,0,0,0,1,1,0,1,1
C789,C789 Name,C,A,HK,IAT,3796813,S,M04,1,1,1,0,1,0,1,0,0,0
C790,C790 Name,B,B,HK,MKT,13758424,XXL,M05,1,1,1,1,1,1,1,1,1,0
C791,C791 Name,B,BBB,US,MKT,17861541,S,M09,0,1,1,1,1,1,1,1,1,0
C792,C792 Name,C,B,US,MKT,19830871,L,M04,0,0,1,0,1,1,1,0,1,1
C793,C793 Name,F,BB,RU,LPG,3962677,L,M04,1,0,0,1,1,1,0,0,0,1
C794,C794 Name,C,AAAA,RU,SEV,18956636,L,M09,0,0,1,1,0,1,0,0,1,1
C795,C795 Name,F,B,AP,LPG,9068998,XXL,M01,0,1,0,0,1,0,0,1,0,0
C796,C796 Name,H,BBBB,CN,TTT,6029794,XXL,M06,1,0,0,1,1,1,1,1,1,1
C797,C797 Name,I,B,HK,SEV,4790455,XXL,M06,1,0,1,0,1,0,1,0,0,0
C798,C798 Name,E,BBBB,SD,ENG,16695426,XL,M01,0,0,0,0,0,0,1,1,0,1
C799,C799 Name,I,A,US,ENG,18465705,XXL,M04,0,1,1,0,0,0,0,0,1,1
C800,C800 Name,A,AAA,EU,ENG,17913247,XL,M02,0,1,1,0,0,0,0,1,1,0
C801,C801 Name,G,AA,TT,TTT,19415797,XXL,M08,1,0,1,1,0,0,0,1,1,0
C802,C802 Name,E,BB,CN,MKT,14279968,L,M06,1,0,0,0,1,1,0,0,0,0
C803,C803 Name,F,AAA,CN,ENG,2154945,L,M07,1,0,1,0,0,1,0,0,0,1
C804,C804 Name,D,AAAA,HK,SEV,11486905,L,M10,1,1,1,0,0,0,1,1,0,0
C805,C805 Name,I,BBB,US,MKT,2926139,XL,M04,1,0,0,0,1,1,0,1,1,0
C806,C806 Name,I,C,HK,IAT,4691344,XS,M10,0,0,0,0,0,1,1,0,1,1
C807,C807 Name,E,BBB,RU,SEV,1906499,M,M01,1,0,1,1,0,1,0,1,0,0
C808,C808 Name,G,AAAA,RU,TTT,16251680,M,M04,0,1,0,1,1,0,1,1,0,1
C809,C809 Name,I,C,SD,IAT,19361761,XL,M10,1,1,1,1,1,1,1,0,0,1
C810,C810 Name,B,BB,EU,ENG,17108926,L,M02,1,1,0,0,0,0,0,0,1,1
C811,C811 Name,F,B,TT,MKT,17900593,XL,M05,0,0,0,0,0,0,1,1,0,1
C812,C812 Name,I,AA,US,TTT,2051523,XXL,M05,1,0,1,1,1,0,0,0,1,0
C813,C813 Name,E,BB,HK,TTT,10165190,L,M02,1,0,1,0,0,0,1,0,1,0
C814,C814 Name,C,AAAA,US,ENG,16759427,XL,M01,0,0,0,1,0,0,0,0,0,0
C815,C815 Name,A,BBB,CN,LPG,18175602,S,M02,1,1,0,1,1,0,0,0,1,1
C816,C816 Name,D,BBB,US,MKT,2740498,S,M07,0,0,1,0,1,0,0,1,0,1
C817,C817 Name,E,A,TT,ENG,18489746,M,M08,0,0,0,1,1,0,0,0,1,1
C818,C818 Name,E,BB,EU,LPG,14063573,XL,M06,0,1,1,0,1,1,1,1,1,0
C819,C819 Name,E,AA,TT,IAT,14442359,XL,M08,1,1,0,1,0,1,0,0,0,1
C820,C820 Name,E,AAA,RU,IAT,9563665,M,M08,1,1,0,0,1,0,1,1,0,0
C821,C821 Name,H,B,HK,SEV,7411143,S,M01,0,1,1,0,1,0,1,1,1,1
C822,C822 Name,H,BBBB,EU,LPG,14178540,M,M05,0,1,0,0,1,1,1,0,1,1
C823,C823 Name,H,AAA,SD,MKT,6973126,S,M02,0,0,1,0,1,0,0,0,1,0
C824,C824 Name,D,BBB,CN,IAT,17245825,L,M01,1,0,1,0,1,1,0,1,0,0
C825,C825 Name,I,B,US,LPG,2561471,S,M06,1,0,1,1,1,0,1,1,1,1
C826,C826 Name,I,BB,SD,TTT,6366017,XS,M05,0,0,1,1,1,1,0,0,0,1
C827,C827 Name,I,BB,IR,ENG,3341564,XXL,M01,0,1,0,0,0,1,0,1,0,1
C828,C828 Name,J,AA,AP,IAT,7801998,XL,M01,0,0,0,1,1,0,0,0,0,1
C829,C829 Name,A,C,EU,LPG,17827256,L,M09,1,0,1,0,0,0,1,1,1,0
C830,C830 Name,E,AAA,AP,MKT,19569190,S,M04,0,1,0,0,1,0,0,0,0,1
C831,C831 Name,C,A,RU,SEV,18938720,L,M07,1,0,1,0,0,1,0,1,0,0
C832,C832 Name,G,C,CN,IAT,12805830,S,M06,1,1,0,0,1,1,1,0,0,1
C833,C833 Name,C,BB,SD,SEV,7561461,M,M03,0,1,1,0,1,0,0,0,1,1
C834,C834 Name,G,BB,CN,IAT,8021645,XXL,M02,1,1,1,0,1,1,1,0,0,1
C835,C835 Name,A,BB,US,SEV,10011819,M,M03,0,1,1,0,1,1,1,0,1,1
C836,C836 Name,A,AAAA,TT,SEV,227375,S,M03,1,1,1,1,0,1,0,1,0,1
C837,C837 Name,J,AAAA,IR,IAT,11105712,XS,M01,1,1,1,1,0,1,0,1,0,1
C838,C838 Name,A,C,AP,MKT,4747275,L,M03,1,1,0,1,0,0,0,1,0,1
C839,C839 Name,E,B,EU,SEV,2111793,XS,M07,0,0,1,0,0,1,1,1,0,1
C840,C840 Name,E,AAAA,AP,TTT,681142,M,M03,1,0,0,1,0,0,1,0,1,0
C841,C841 Name,G,B,SD,ENG,10186476,S,M06,0,1,1,0,0,1,0,1,0,0
C842,C842 Name,H,BB,TT,TTT,5366346,XL,M09,1,0,0,1,1,1,1,0,0,0
C843,C843 Name,C,AAA,US,MKT,14873236,S,M06,0,1,0,1,0,1,0,1,0,1
C844,C844 Name,J,BB,CN,SEV,12272460,M,M01,0,1,0,0,0,0,0,0,1,0
C845,C845 Name,E,A,TT,ENG,4281304,S,M01,0,1,0,1,0,1,1,1,1,0
C846,C846 Name,D,AA,IR,IAT,3038135,S,M09,0,0,1,1,1,0,1,1,0,1
C847,C847 Name,A,BBB,IR,SEV,7228749,XXL,M02,0,1,1,0,0,0,0,1,1,0
C848,C848 Name,I,B,EU,SEV,12124286,S,M05,1,0,1,0,0,0,0,1,1,1
C849,C849 Name,G,B,TT,LPG,3078775,XL,M02,1,0,1,1,1,0,0,1,0,0
C850,C850 Name,F,AAA,EU,LPG,4701638,XXL,M05,1,0,1,0,1,1,0,0,1,1
C851,C851 Name,D,BBBB,EU,SEV,4627044,XXL,M04,1,1,1,1,1,1,0,0,0,0
C852,C852 Name,C,BBB,CN,TTT,8933007,S,M01,0,0,0,0,1,1,1,0,0,1
C853,C853 Name,G,B,US,MKT,10656211,XS,M04,0,1,0,0,0,1,0,1,1,0
C854,C854 Name,C,BB,TT,MKT,16116798,S,M01,1,1,0,1,1,1,0,1,1,1
C855,C855 Name,E,BBB,SD,MKT,13663516,XXL,M05,1,0,0,1,0,1,0,0,0,1
C856,C856 Name,A,C,AP,MKT,2947567,S,M08,0,1,1,1,0,1,0,0,0,0
C857,C857 Name,C,BBBB,RU,LPG,2278059,S,M01,1,0,0,0,0,0,1,1,1,1
C858,C858 Name,J,BB,EU,TTT,17033813,M,M07,1,0,1,1,1,1,0,0,0,0
C859,C859 Name,G,BB,IR,TTT,6833470,XL,M05,0,0,0,1,0,0,0,1,1,0
C860,C860 Name,I,AA,US,LPG,12462243,XS,M01,0,0,0,0,0,0,0,0,1,1
C861,C861 Name,B,A,EU,IAT,2126114,XXL,M09,1,0,1,0,0,1,0,0,0,1
C862,C862 Name,G,BBB,IR,MKT,14953667,XXL,M10,0,1,0,0,1,0,1,1,1,1
C863,C863 Name,B,BBBB,SD,SEV,9350834,S,M01,0,1,1,0,1,0,0,1,0,1
C864,C864 Name,C,BB,RU,SEV,4834585,XXL,M04,0,1,1,1,1,0,1,0,0,1
C865,C865 Name,D,BBB,RU,MKT,13365109,XS,M04,1,0,0,1,1,0,1,1,1,0
C866,C866 Name,J,B,IR,MKT,1719721,M,M03,0,1,0,0,0,0,0,0,1,0
C867,C867 Name,B,AAAA,TT,LPG,5634502,L,M01,1,0,0,1,0,1,1,0,1,1
C868,C868 Name,F,B,CN,IAT,311104,L,M03,0,0,1,0,1,1,0,0,1,1
C869,C869 Name,E,BB,RU,SEV,16504576,XL,M10,1,0,1,1,1,1,1,1,1,0
C870,C870 Name,C,B,IR,TTT,11864577,XL,M07,1,1,0,0,0,1,0,0,0,1
C871,C871 Name,H,BBBB,EU,MKT,12508200,XS,M07,0,1,0,0,0,0,1,0,0,0
C872,C872 Name,A,AAA,SD,SEV,11006367,XL,M07,1,0,1,0,1,1,0,1,0,0
C873,C873 Name,H,C,RU,ENG,17025680,XXL,M07,0,0,1,1,0,1,1,1,1,0
C874,C874 Name,E,BB,SD,TTT,18111129,XL,M04,1,1,1,1,1,0,0,0,0,0
C875,C875 Name,E,BBB,SD,LPG,602912,L,M08,1,0,1,1,0,1,1,1,0,1
C876,C876 Name,C,AA,SD,SEV,5829560,XL,M04,1,1,0,0,0,1,0,1,0,0
C877,C877 Name,E,BBB,SD,ENG,513068,M,M03,1,1,1,1,0,0,0,0,1,0
C878,C878 Name,H,BBB,CN,LPG,10953399,S,M01,1,0,0,0,1,0,0,0,0,1
C879,C879 Name,E,B,HK,MKT,14570736,L,M08,1,1,0,1,0,1,0,0,0,1
C880,C880 Name,G,A,SD,SEV,11742234,L,M09,0,0,0,1,1,1,1,1,0,1
C881,C881 Name,E,AAAA,RU,ENG,14549883,XS,M07,0,1,1,0,1,0,1,1,1,0
C882,C882 Name,J,AAA,HK,IAT,13658990,S,M10,1,1,0,0,1,1,0,0,1,0
C883,C883 Name,I,B,RU,LPG,17659652,XXL,M01,1,0,0,0,1,0,0,0,0,1
C884,C884 Name,C,BBB,AP,SEV,16028075,XXL,M06,0,1,1,1,0,1,0,1,0,0
C885,C885 Name,J,C,RU,IAT,14584026,XL,M06,0,1,1,0,0,0,0,0,1,1
C886,C886 Name,H,BBB,TT,MKT,7957864,XL,M03,0,1,1,0,0,0,1,1,1,0
C887,C887 Name,C,B,US,ENG,19597411,L,M06,0,0,0,0,0,1,0,1,0,0
C888,C888 Name,A,A,TT,TTT,15317360,L,M10,1,0,0,1,0,0,0,1,0,1
C889,C889 Name,F,BBBB,EU,ENG,19127904,XS,M08,1,1,1,0,0,1,0,1,0,1
C890,C890 Name,H,BBB,SD,MKT,5362491,S,M01,1,0,1,1,0,0,0,0,1,1
C891,C891 Name,F,AA,US,IAT,5312921,L,M02,1,1,0,1,1,1,1,0,0,0
C892,C892 Name,F,BBB,TT,SEV,476280,XXL,M08,1,0,0,1,0,1,0,0,0,1
C893,C893 Name,B,BBBB,CN,LPG,5037524,S,M05,0,0,0,0,0,0,0,1,1,0
C894,C894 Name,F,BB,EU,TTT,4856442,S,M09,1,1,1,0,1,1,1,0,0,1
C895,C895 Name,A,B,IR,MKT,2762216,XL,M04,0,0,1,0,1,1,0,1,1,1
C896,C896 Name,E,AAAA,IR,LPG,11891238,L,M09,1,1,0,1,1,0,0,1,0,0
C897,C897 Name,C,C,IR,IAT,9079187,S,M02,1,1,1,1,1,1,0,0,0,0
C898,C898 Name,I,BBB,AP,IAT,12427188,M,M01,1,1,1,1,0,1,1,0,0,0
C899,C899 Name,F,BBB,TT,ENG,17073647,M,M02,0,0,0,1,0,0,1,1,1,0
C900,C900 Name,F,C,EU,ENG,11663494,XS,M02,1,0,0,1,1,0,1,0,0,1
C901,C901 Name,A,BB,RU,SEV,14063526,L,M08,0,0,1,0,1,1,0,0,0,0
C902,C902 Name,I,BB,SD,LPG,2191576,XXL,M02,0,1,0,1,0,0,0,1,0,0
C903,C903 Name,H,AA,AP,IAT,17236880,XL,M08,1,0,1,1,0,0,0,1,0,0
C904,C904 Name,E,C,EU,TTT,15584144,XS,M04,1,0,1,1,0,0,0,0,0,0
C905,C905 Name,I,C,SD,LPG,4372307,M,M06,0,0,1,1,1,0,1,1,1,0
C906,C906 Name,B,AAA,HK,IAT,922536,XL,M08,1,0,1,1,1,0,0,1,0,0
C907,C907 Name,H,BB,HK,TTT,18688343,M,M03,0,1,0,0,1,0,0,0,1,0
C908,C908 Name,B,A,HK,LPG,19375978,XS,M01,1,1,0,1,1,1,1,0,1,1
C909,C909 Name,E,AA,HK,SEV,2363719,XS,M10,0,0,0,1,0,0,0,1,0,1
C910,C910 Name,C,AA,TT,TTT,14709239,S,M08,0,1,1,1,0,0,1,0,0,0
C911,C911 Name,I,C,HK,IAT,3003033,M,M07,1,1,0,0,1,0,0,1,1,0
C912,C912 Name,G,BB,EU,ENG,4704694,XS,M04,1,0,1,1,0,0,1,1,1,1
C913,C913 Name,B,A,SD,SEV,6186533,M,M01,0,0,1,1,1,0,0,1,1,1
C914,C914 Name,J,AAAA,HK,TTT,19692223,XXL,M08,1,0,1,0,0,0,1,1,0,1
C915,C915 Name,J,BBBB,HK,TTT,7790205,XS,M07,1,0,1,0,0,1,0,0,0,1
C916,C916 Name,J,AA,CN,SEV,14677075,XS,M03,1,1,1,0,1,1,1,1,1,0
C917,C917 Name,E,AAA,HK,SEV,6718867,S,M02,1,1,1,1,1,0,0,1,0,1
C918,C918 Name,C,AAA,AP,TTT,14661418,L,M08,0,1,1,0,1,0,0,0,1,0
C919,C919 Name,I,AAAA,HK,MKT,14803710,L,M03,1,1,0,1,1,1,0,0,1,1
C920,C920 Name,A,C,SD,TTT,16115057,M,M08,0,1,1,0,1,1,0,1,1,1
C921,C921 Name,D,AA,CN,MKT,11280899,XXL,M01,0,0,0,0,1,1,1,1,0,1
C922,C922 Name,E,AA,TT,ENG,11480582,S,M04,0,1,0,0,1,1,1,0,1,0
C923,C923 Name,F,C,US,IAT,3341005,M,M03,1,0,0,1,0,1,1,0,0,0
C924,C924 Name,A,AA,HK,MKT,7938720,XXL,M05,0,0,1,0,0,1,0,1,0,1
C925,C925 Name,A,BBB,US,IAT,6636561,XS,M02,0,1,0,1,1,1,1,0,0,0
C926,C926 Name,B,AAA,US,IAT,8280825,M,M08,0,1,1,0,1,0,0,1,0,1
C927,C927 Name,D,AAA,SD,MKT,16139866,L,M09,0,1,1,0,0,1,0,0,1,1
C928,C928 Name,F,AAA,EU,TTT,15009164,XL,M10,0,0,1,1,1,1,1,0,1,1
C929,C929 Name,F,BBB,EU,ENG,4288662,S,M06,1,0,1,1,0,0,1,0,0,1
C930,C930 Name,F,A,TT,IAT,17590443,XS,M04,0,1,0,1,0,1,0,1,1,0
C931,C931 Name,F,AA,US,SEV,13585742,XS,M06,1,0,1,0,1,0,0,0,1,1
C932,C932 Name,B,A,HK,IAT,6891168,L,M05,0,1,0,0,0,0,0,0,1,0
C933,C933 Name,J,BBB,HK,SEV,2287177,XXL,M03,0,0,0,0,0,0,0,1,1,0
C934,C934 Name,B,BB,RU,ENG,16324873,XS,M03,0,0,0,0,0,1,0,0,1,0
C935,C935 Name,B,A,SD,SEV,611953,S,M07,0,0,0,1,1,0,1,0,0,0
C936,C936 Name,F,AAAA,IR,ENG,5622873,XL,M08,0,0,0,1,0,0,0,1,0,1
C937,C937 Name,G,AAA,HK,TTT,5977737,M,M06,0,1,1,1,1,0,0,1,1,0
C938,C938 Name,F,AA,CN,LPG,9969283,L,M03,1,1,0,0,1,0,0,0,1,1
C939,C939 Name,D,AA,IR,MKT,19018905,L,M06,0,0,0,0,1,0,0,0,0,1
C940,C940 Name,E,BBB,EU,TTT,132101,M,M02,0,0,1,1,1,1,1,0,0,1
C941,C941 Name,I,BB,US,MKT,4368176,XXL,M08,0,0,0,1,0,1,0,0,1,0
C942,C942 Name,C,AA,EU,LPG,13379573,XXL,M04,0,1,0,1,1,0,0,1,1,1
C943,C943 Name,H,AA,SD,TTT,18455972,XL,M04,0,0,0,0,1,1,1,1,1,0
C944,C944 Name,J,BB,RU,LPG,14715053,L,M09,0,0,0,0,0,0,0,0,0,1
C945,C945 Name,G,B,CN,MKT,12868900,XXL,M07,1,1,0,0,1,1,0,1,1,0
C946,C946 Name,I,AAAA,IR,MKT,10521485,L,M06,0,1,1,1,1,0,0,1,1,0
C947,C947 Name,J,BBB,AP,TTT,15422772,L,M02,1,0,0,0,1,1,1,1,1,1
C948,C948 Name,G,BBBB,TT,SEV,8779431,S,M06,0,0,0,0,1,1,0,1,1,0
C949,C949 Name,C,A,AP,SEV,5865901,M,M05,0,1,0,0,1,1,0,0,0,1
C950,C950 Name,H,BBBB,HK,ENG,1964413,XL,M03,1,1,0,1,1,1,1,0,0,1
C951,C951 Name,D,A,TT,IAT,10627511,S,M05,1,0,0,0,1,1,0,1,1,0
C952,C952 Name,H,AAA,US,MKT,19327286,XS,M07,0,1,0,1,0,1,1,0,0,0
C953,C953 Name,A,AAAA,TT,LPG,15985672,XXL,M01,1,0,0,1,1,1,0,0,0,1
C954,C954 Name,J,A,TT,IAT,10910526,XXL,M07,1,1,1,0,1,1,1,1,1,0
C955,C955 Name,G,AA,US,SEV,4624921,S,M09,0,1,0,1,1,0,0,0,1,0
C956,C956 Name,F,AAAA,IR,SEV,9500287,XXL,M06,1,1,1,1,0,0,0,1,0,1
C957,C957 Name,C,BB,US,MKT,3961734,XXL,M02,0,1,0,0,1,1,0,0,0,1
C958,C958 Name,F,AAA,IR,SEV,18815860,L,M02,0,0,1,1,0,0,1,0,0,1
C959,C959 Name,D,AAA,CN,TTT,10169678,S,M04,0,1,0,0,0,0,0,0,1,1
C960,C960 Name,C,AAAA,SD,IAT,5043362,XL,M10,1,0,1,1,1,1,1,1,0,1
C961,C961 Name,D,AAAA,IR,LPG,16149979,M,M09,1,0,1,0,1,0,0,0,1,1
C962,C962 Name,J,AA,SD,SEV,14247532,M,M10,1,1,0,1,1,0,0,1,1,1
C963,C963 Name,A,BB,US,LPG,17796403,S,M04,0,1,0,0,0,0,0,1,0,0
C964,C964 Name,H,BB,AP,TTT,13312291,XXL,M04,1,0,0,1,1,0,0,0,0,1
C965,C965 Name,C,AAAA,US,SEV,16491925,S,M08,1,0,1,0,1,1,0,1,1,1
C966,C966 Name,B,B,HK,LPG,13420111,L,M04,1,1,0,1,1,0,1,0,0,0
C967,C967 Name,A,BBBB,IR,MKT,1346630,M,M01,0,0,0,0,1,0,0,1,0,0
C968,C968 Name,G,C,SD,MKT,5229131,S,M03,0,1,0,0,1,1,0,0,0,0
C969,C969 Name,G,A,IR,MKT,13682705,XL,M03,1,0,0,1,1,0,1,1,1,1
C970,C970 Name,H,AAA,US,SEV,12709414,XS,M03,0,0,1,0,0,0,1,0,0,0
C971,C971 Name,H,AAAA,EU,TTT,10497150,L,M04,0,1,1,0,0,1,1,0,0,0
C972,C972 Name,C,BB,TT,TTT,6690034,L,M03,1,0,1,0,0,0,0,1,0,0
C973,C973 Name,A,BBB,IR,IAT,17682308,XXL,M05,0,0,0,1,1,0,0,0,0,1
C974,C974 Name,C,C,IR,ENG,16395677,XL,M05,0,1,1,0,0,0,1,0,1,1
C975,C975 Name,J,BBBB,EU,ENG,5859764,XXL,M10,0,1,0,1,1,1,1,0,1,1
C976,C976 Name,D,BBBB,AP,SEV,15815935,M,M03,1,1,1,0,1,1,1,1,1,1
C977,C977 Name,A,BBBB,TT,TTT,8803886,XS,M05,1,1,1,0,1,0,0,1,1,1
C978,C978 Name,F,AAAA,US,ENG,2391981,XL,M01,1,1,0,1,1,1,1,1,0,1
C979,C979 Name,D,BBBB,CN,IAT,16571774,M,M09,0,0,0,1,1,0,0,0,0,1
C980,C980 Name,A,AA,SD,IAT,6038487,M,M05,0,1,1,1,0,0,1,1,1,1
C981,C981 Name,F,A,CN,MKT,2763030,XS,M06,1,0,0,0,1,1,0,0,1,0
C982,C982 Name,A,A,AP,TTT,11309786,XXL,M06,0,1,0,0,0,0,0,1,0,1
C983,C983 Name,B,AAAA,IR,SEV,10052385,M,M08,1,1,0,0,0,0,0,1,0,1
C984,C984 Name,E,AAA,CN,IAT,15554110,XL,M02,0,1,1,1,1,1,1,1,0,0
C985,C985 Name,D,B,AP,MKT,5192539,XS,M06,1,0,0,0,1,1,0,0,0,1
C986,C986 Name,A,AAAA,EU,TTT,18931268,XXL,M01,0,0,0,1,1,0,1,0,0,0
C987,C987 Name,C,C,RU,LPG,9226328,M,M04,1,0,0,1,1,0,0,1,0,0
C988,C988 Name,I,C,TT,TTT,11296250,M,M10,0,1,1,0,0,0,0,1,0,1
C989,C989 Name,F,AA,IR,MKT,17790286,M,M07,1,0,0,0,1,1,0,0,0,1
C990,C990 Name,D,BB,CN,TTT,12851266,L,M05,0,0,0,1,1,0,1,0,1,1
C991,C991 Name,A,AAAA,IR,SEV,14760378,S,M02,0,0,1,0,1,1,0,1,0,1
C992,C992 Name,J,C,CN,SEV,8547884,XL,M05,0,0,0,0,0,0,0,0,1,1
C993,C993 Name,G,BBBB,RU,TTT,17887449,XL,M10,0,0,1,1,0,0,0,1,1,0
C994,C994 Name,J,B,EU,ENG,18123750,S,M03,1,0,1,1,0,0,0,1,0,1
C995,C995 Name,B,AAAA,HK,MKT,11167105,L,M09,1,0,0,1,0,0,0,0,0,1
C996,C996 Name,E,A,TT,TTT,3561914,M,M04,0,1,1,0,0,1,1,0,0,1
C997,C997 Name,G,BBB,TT,MKT,6142396,M,M05,0,0,1,1,1,1,0,1,0,0
C998,C998 Name,F,A,IR,ENG,18075842,L,M10,1,1,1,0,0,1,0,0,0,0
C999,C999 Name,D,C,AP,SEV,15257360,XXL,M02,0,0,0,1,0,1,0,0,1,0
C1000,C1000 Name,H,C,RU,MKT,14498570,XL,M03,1,1,1,0,0,1,1,1,0,1
